dimension,response,horizon,value,sign,control_lags,regime
baseline_lpiv,ln_compensation_ea20_real,0,-4.875537545471965e-08,negative,,
baseline_lpiv,ln_compensation_ea20_real,1,5.325260881790391e-08,positive,,
baseline_lpiv,ln_compensation_ea20_real,2,1.0817762006350878e-09,positive,,
baseline_lpiv,ln_compensation_ea20_real,4,-1.849960496190279e-08,negative,,
baseline_lpiv,ln_compensation_ea20_real,8,-7.261267271452001e-08,negative,,
baseline_lpiv,ln_compensation_ea20_real,12,-8.914587455662107e-08,negative,,
baseline_lpiv,ln_ecb_assets_ea_stock,0,3.707807936158248e-07,positive,,
baseline_lpiv,ln_ecb_assets_ea_stock,1,2.93752913537525e-07,positive,,
baseline_lpiv,ln_ecb_assets_ea_stock,2,5.161067643208291e-07,positive,,
baseline_lpiv,ln_ecb_assets_ea_stock,4,5.309712497078276e-07,positive,,
baseline_lpiv,ln_ecb_assets_ea_stock,8,3.7319867623170374e-07,positive,,
baseline_lpiv,ln_ecb_assets_ea_stock,12,-1.9770654831203504e-07,negative,,
baseline_lpiv,ln_hh_loans_ea_stock,0,1.0575135283962145e-08,positive,,
baseline_lpiv,ln_hh_loans_ea_stock,1,-6.7388204991927865e-09,negative,,
baseline_lpiv,ln_hh_loans_ea_stock,2,-3.5087840376486086e-09,negative,,
baseline_lpiv,ln_hh_loans_ea_stock,4,-8.39466766371723e-09,negative,,
baseline_lpiv,ln_hh_loans_ea_stock,8,-5.301533986156462e-08,negative,,
baseline_lpiv,ln_hh_loans_ea_stock,12,-1.137229114358912e-07,negative,,
baseline_lpiv,ln_house_price_de_real,0,1.3833020128862633e-08,positive,,
baseline_lpiv,ln_house_price_de_real,1,4.672075330650515e-08,positive,,
baseline_lpiv,ln_house_price_de_real,2,6.075297384166653e-08,positive,,
baseline_lpiv,ln_house_price_de_real,4,5.690934957571591e-08,positive,,
baseline_lpiv,ln_house_price_de_real,8,1.3246480827893509e-08,positive,,
baseline_lpiv,ln_house_price_de_real,12,6.871923788783967e-08,positive,,
baseline_lpiv,ln_nfc_loans_ea_stock,0,7.129894912061861e-09,positive,,
baseline_lpiv,ln_nfc_loans_ea_stock,1,-1.582234667563684e-08,negative,,
baseline_lpiv,ln_nfc_loans_ea_stock,2,-1.1292064845916677e-08,negative,,
baseline_lpiv,ln_nfc_loans_ea_stock,4,-4.6838280137808894e-08,negative,,
baseline_lpiv,ln_nfc_loans_ea_stock,8,-1.335722844986595e-07,negative,,
baseline_lpiv,ln_nfc_loans_ea_stock,12,-2.410189646797626e-07,negative,,
ols_lp,ln_ecb_assets_ea_stock,0,3.6933349576286885e-07,positive,,
ols_lp,ln_ecb_assets_ea_stock,1,3.095861303666132e-07,positive,,
ols_lp,ln_ecb_assets_ea_stock,2,4.77095278493084e-07,positive,,
ols_lp,ln_ecb_assets_ea_stock,4,3.149019249323663e-07,positive,,
ols_lp,ln_ecb_assets_ea_stock,8,4.191491386261396e-09,positive,,
ols_lp,ln_ecb_assets_ea_stock,12,-1.720378997404922e-07,negative,,
ols_lp,ln_hh_loans_ea_stock,0,5.195864123727144e-09,positive,,
ols_lp,ln_hh_loans_ea_stock,1,1.2250818397279552e-09,positive,,
ols_lp,ln_hh_loans_ea_stock,2,2.9023743415189415e-09,positive,,
ols_lp,ln_hh_loans_ea_stock,4,2.0014469275175505e-09,positive,,
ols_lp,ln_hh_loans_ea_stock,8,-1.9290264451277202e-08,negative,,
ols_lp,ln_hh_loans_ea_stock,12,-3.3247960432762885e-08,negative,,
ols_lp,ln_nfc_loans_ea_stock,0,3.5217945325651055e-09,positive,,
ols_lp,ln_nfc_loans_ea_stock,1,-3.369589276110514e-09,negative,,
ols_lp,ln_nfc_loans_ea_stock,2,-1.4016911244892801e-08,negative,,
ols_lp,ln_nfc_loans_ea_stock,4,-3.2626635617667984e-08,negative,,
ols_lp,ln_nfc_loans_ea_stock,8,-5.250166780222177e-08,negative,,
ols_lp,ln_nfc_loans_ea_stock,12,-6.633532821987213e-08,negative,,
ols_lp,ln_house_price_de_real,0,1.6259059055004436e-08,positive,,
ols_lp,ln_house_price_de_real,1,3.0568617542399964e-08,positive,,
ols_lp,ln_house_price_de_real,2,2.7710840631226695e-08,positive,,
ols_lp,ln_house_price_de_real,4,1.6168527065394572e-08,positive,,
ols_lp,ln_house_price_de_real,8,-2.366166339934328e-08,negative,,
ols_lp,ln_house_price_de_real,12,-8.993862317200604e-09,negative,,
ols_lp,ln_compensation_ea20_real,0,-1.3797917569826745e-08,negative,,
ols_lp,ln_compensation_ea20_real,1,2.236431642381808e-08,positive,,
ols_lp,ln_compensation_ea20_real,2,2.303657323184892e-09,positive,,
ols_lp,ln_compensation_ea20_real,4,-9.952123255900239e-09,negative,,
ols_lp,ln_compensation_ea20_real,8,-2.9133957487006018e-08,negative,,
ols_lp,ln_compensation_ea20_real,12,-2.0093089508812994e-08,negative,,
dax_robustness,ln_compensation_ea20_real,0,-3.869823921774793e-08,negative,,
dax_robustness,ln_compensation_ea20_real,1,4.736749516656929e-08,positive,,
dax_robustness,ln_compensation_ea20_real,2,-9.734779417970972e-09,negative,,
dax_robustness,ln_compensation_ea20_real,4,-2.7150519568915686e-08,negative,,
dax_robustness,ln_compensation_ea20_real,8,-7.724639705551574e-08,negative,,
dax_robustness,ln_compensation_ea20_real,12,-6.231855222693764e-08,negative,,
dax_robustness,ln_ecb_assets_ea_stock,0,3.263483484355077e-07,positive,,
dax_robustness,ln_ecb_assets_ea_stock,1,2.749341588232827e-07,positive,,
dax_robustness,ln_ecb_assets_ea_stock,2,5.08869091551114e-07,positive,,
dax_robustness,ln_ecb_assets_ea_stock,4,4.394707568057478e-07,positive,,
dax_robustness,ln_ecb_assets_ea_stock,8,2.4611533177696277e-07,positive,,
dax_robustness,ln_ecb_assets_ea_stock,12,-7.896563052663636e-07,negative,,
dax_robustness,ln_hh_loans_ea_stock,0,1.029329944589616e-08,positive,,
dax_robustness,ln_hh_loans_ea_stock,1,-5.357465851363104e-09,negative,,
dax_robustness,ln_hh_loans_ea_stock,2,-1.9575902404941654e-09,negative,,
dax_robustness,ln_hh_loans_ea_stock,4,-6.857882342510269e-09,negative,,
dax_robustness,ln_hh_loans_ea_stock,8,-6.302396078750139e-08,negative,,
dax_robustness,ln_hh_loans_ea_stock,12,-1.260820275336562e-07,negative,,
dax_robustness,ln_house_price_de_real,0,1.3295339853606146e-08,positive,,
dax_robustness,ln_house_price_de_real,1,3.720696271052581e-08,positive,,
dax_robustness,ln_house_price_de_real,2,4.340240713121188e-08,positive,,
dax_robustness,ln_house_price_de_real,4,5.43020960145835e-08,positive,,
dax_robustness,ln_house_price_de_real,8,1.7393667503335333e-08,positive,,
dax_robustness,ln_house_price_de_real,12,-3.719507163920808e-09,negative,,
dax_robustness,ln_nfc_loans_ea_stock,0,3.103103316561485e-09,positive,,
dax_robustness,ln_nfc_loans_ea_stock,1,-1.766002044546346e-08,negative,,
dax_robustness,ln_nfc_loans_ea_stock,2,-1.0056175596767164e-08,negative,,
dax_robustness,ln_nfc_loans_ea_stock,4,-3.8761076544205966e-08,negative,,
dax_robustness,ln_nfc_loans_ea_stock,8,-1.322469856007408e-07,negative,,
dax_robustness,ln_nfc_loans_ea_stock,12,-2.574739932618989e-07,negative,,
lag_sensitivity,ln_compensation_ea20_real,0,1.2587285485595524e-08,positive,1.0,
lag_sensitivity,ln_compensation_ea20_real,1,1.2205890791944598e-07,positive,1.0,
lag_sensitivity,ln_compensation_ea20_real,2,2.5202839064561853e-08,positive,1.0,
lag_sensitivity,ln_compensation_ea20_real,4,4.8523559053749025e-08,positive,1.0,
lag_sensitivity,ln_compensation_ea20_real,8,-8.883369572868212e-08,negative,1.0,
lag_sensitivity,ln_compensation_ea20_real,12,-9.970822436027701e-08,negative,1.0,
lag_sensitivity,ln_ecb_assets_ea_stock,0,1.9116553345394778e-07,positive,1.0,
lag_sensitivity,ln_ecb_assets_ea_stock,1,-3.500407826827953e-08,negative,1.0,
lag_sensitivity,ln_ecb_assets_ea_stock,2,2.3451476306275047e-07,positive,1.0,
lag_sensitivity,ln_ecb_assets_ea_stock,4,7.330643955650423e-07,positive,1.0,
lag_sensitivity,ln_ecb_assets_ea_stock,8,1.9861205585792017e-06,positive,1.0,
lag_sensitivity,ln_ecb_assets_ea_stock,12,-1.910179492519625e-07,negative,1.0,
lag_sensitivity,ln_hh_loans_ea_stock,0,1.0462700901548136e-10,positive,1.0,
lag_sensitivity,ln_hh_loans_ea_stock,1,-2.5494874323615228e-08,negative,1.0,
lag_sensitivity,ln_hh_loans_ea_stock,2,-2.9769824622435022e-08,negative,1.0,
lag_sensitivity,ln_hh_loans_ea_stock,4,-5.6196548523942035e-08,negative,1.0,
lag_sensitivity,ln_hh_loans_ea_stock,8,-1.3297076104736533e-07,negative,1.0,
lag_sensitivity,ln_hh_loans_ea_stock,12,-1.675390344280265e-07,negative,1.0,
lag_sensitivity,ln_house_price_de_real,0,3.292468033710604e-08,positive,1.0,
lag_sensitivity,ln_house_price_de_real,1,4.56591666940918e-08,positive,1.0,
lag_sensitivity,ln_house_price_de_real,2,6.714147622157016e-08,positive,1.0,
lag_sensitivity,ln_house_price_de_real,4,1.6198979527647826e-07,positive,1.0,
lag_sensitivity,ln_house_price_de_real,8,1.233229693153287e-07,positive,1.0,
lag_sensitivity,ln_house_price_de_real,12,1.2073193477458037e-08,positive,1.0,
lag_sensitivity,ln_nfc_loans_ea_stock,0,-1.8607414564423877e-08,negative,1.0,
lag_sensitivity,ln_nfc_loans_ea_stock,1,-7.381036669834566e-08,negative,1.0,
lag_sensitivity,ln_nfc_loans_ea_stock,2,-9.658785644099009e-08,negative,1.0,
lag_sensitivity,ln_nfc_loans_ea_stock,4,-1.6968579937837005e-07,negative,1.0,
lag_sensitivity,ln_nfc_loans_ea_stock,8,-1.1459555547283298e-07,negative,1.0,
lag_sensitivity,ln_nfc_loans_ea_stock,12,-2.89746036201313e-07,negative,1.0,
lag_sensitivity,ln_compensation_ea20_real,0,-4.875537545471965e-08,negative,2.0,
lag_sensitivity,ln_compensation_ea20_real,1,5.3252608817903916e-08,positive,2.0,
lag_sensitivity,ln_compensation_ea20_real,2,1.0817762006350878e-09,positive,2.0,
lag_sensitivity,ln_compensation_ea20_real,4,-1.849960496190279e-08,negative,2.0,
lag_sensitivity,ln_compensation_ea20_real,8,-7.261267271452002e-08,negative,2.0,
lag_sensitivity,ln_compensation_ea20_real,12,-8.914587455662107e-08,negative,2.0,
lag_sensitivity,ln_ecb_assets_ea_stock,0,3.707807936158248e-07,positive,2.0,
lag_sensitivity,ln_ecb_assets_ea_stock,1,2.93752913537525e-07,positive,2.0,
lag_sensitivity,ln_ecb_assets_ea_stock,2,5.161067643208291e-07,positive,2.0,
lag_sensitivity,ln_ecb_assets_ea_stock,4,5.309712497078276e-07,positive,2.0,
lag_sensitivity,ln_ecb_assets_ea_stock,8,3.731986762317038e-07,positive,2.0,
lag_sensitivity,ln_ecb_assets_ea_stock,12,-1.9770654831203507e-07,negative,2.0,
lag_sensitivity,ln_hh_loans_ea_stock,0,1.0575135283962145e-08,positive,2.0,
lag_sensitivity,ln_hh_loans_ea_stock,1,-6.738820499192786e-09,negative,2.0,
lag_sensitivity,ln_hh_loans_ea_stock,2,-3.5087840376486086e-09,negative,2.0,
lag_sensitivity,ln_hh_loans_ea_stock,4,-8.394667663717231e-09,negative,2.0,
lag_sensitivity,ln_hh_loans_ea_stock,8,-5.3015339861564625e-08,negative,2.0,
lag_sensitivity,ln_hh_loans_ea_stock,12,-1.137229114358912e-07,negative,2.0,
lag_sensitivity,ln_house_price_de_real,0,1.3833020128862631e-08,positive,2.0,
lag_sensitivity,ln_house_price_de_real,1,4.6720753306505155e-08,positive,2.0,
lag_sensitivity,ln_house_price_de_real,2,6.075297384166654e-08,positive,2.0,
lag_sensitivity,ln_house_price_de_real,4,5.690934957571591e-08,positive,2.0,
lag_sensitivity,ln_house_price_de_real,8,1.3246480827893509e-08,positive,2.0,
lag_sensitivity,ln_house_price_de_real,12,6.871923788783968e-08,positive,2.0,
lag_sensitivity,ln_nfc_loans_ea_stock,0,7.129894912061861e-09,positive,2.0,
lag_sensitivity,ln_nfc_loans_ea_stock,1,-1.582234667563684e-08,negative,2.0,
lag_sensitivity,ln_nfc_loans_ea_stock,2,-1.1292064845916677e-08,negative,2.0,
lag_sensitivity,ln_nfc_loans_ea_stock,4,-4.6838280137808894e-08,negative,2.0,
lag_sensitivity,ln_nfc_loans_ea_stock,8,-1.335722844986595e-07,negative,2.0,
lag_sensitivity,ln_nfc_loans_ea_stock,12,-2.410189646797626e-07,negative,2.0,
lag_sensitivity,ln_compensation_ea20_real,0,8.549466848997679e-09,positive,4.0,
lag_sensitivity,ln_compensation_ea20_real,1,3.2935326635709564e-08,positive,4.0,
lag_sensitivity,ln_compensation_ea20_real,2,3.328347417647159e-09,positive,4.0,
lag_sensitivity,ln_compensation_ea20_real,4,1.1023701292228545e-08,positive,4.0,
lag_sensitivity,ln_compensation_ea20_real,8,-3.360858696893966e-08,negative,4.0,
lag_sensitivity,ln_compensation_ea20_real,12,-2.9935014925259346e-08,negative,4.0,
lag_sensitivity,ln_ecb_assets_ea_stock,0,2.615261839346189e-07,positive,4.0,
lag_sensitivity,ln_ecb_assets_ea_stock,1,3.911552509347677e-07,positive,4.0,
lag_sensitivity,ln_ecb_assets_ea_stock,2,5.270294035469383e-07,positive,4.0,
lag_sensitivity,ln_ecb_assets_ea_stock,4,5.106650415960803e-07,positive,4.0,
lag_sensitivity,ln_ecb_assets_ea_stock,8,-4.11979441670561e-07,negative,4.0,
lag_sensitivity,ln_ecb_assets_ea_stock,12,-1.0665356197624064e-07,negative,4.0,
lag_sensitivity,ln_hh_loans_ea_stock,0,-6.107875500314568e-09,negative,4.0,
lag_sensitivity,ln_hh_loans_ea_stock,1,-1.0868988236615956e-08,negative,4.0,
lag_sensitivity,ln_hh_loans_ea_stock,2,-1.3443636073128446e-08,negative,4.0,
lag_sensitivity,ln_hh_loans_ea_stock,4,-1.949702375180849e-08,negative,4.0,
lag_sensitivity,ln_hh_loans_ea_stock,8,-4.0062325417117384e-08,negative,4.0,
lag_sensitivity,ln_hh_loans_ea_stock,12,-4.9877376961791517e-08,negative,4.0,
lag_sensitivity,ln_house_price_de_real,0,-3.897930125415664e-09,negative,4.0,
lag_sensitivity,ln_house_price_de_real,1,-2.553653374540694e-09,negative,4.0,
lag_sensitivity,ln_house_price_de_real,2,-3.23403923365745e-08,negative,4.0,
lag_sensitivity,ln_house_price_de_real,4,2.7827905439376705e-08,positive,4.0,
lag_sensitivity,ln_house_price_de_real,8,-2.470166133854704e-08,negative,4.0,
lag_sensitivity,ln_house_price_de_real,12,1.7932370111054182e-08,positive,4.0,
lag_sensitivity,ln_nfc_loans_ea_stock,0,-1.4324182092049441e-08,negative,4.0,
lag_sensitivity,ln_nfc_loans_ea_stock,1,-3.1290871415849986e-08,negative,4.0,
lag_sensitivity,ln_nfc_loans_ea_stock,2,-4.7299547533523823e-08,negative,4.0,
lag_sensitivity,ln_nfc_loans_ea_stock,4,-7.024708977146188e-08,negative,4.0,
lag_sensitivity,ln_nfc_loans_ea_stock,8,-7.272110208165943e-08,negative,4.0,
lag_sensitivity,ln_nfc_loans_ea_stock,12,-6.892045383416604e-08,negative,4.0,
cumulative_irf,ln_compensation_ea20_real,0,-4.875537545471965e-08,negative,,
cumulative_irf,ln_compensation_ea20_real,1,4.497233363184258e-09,positive,,
cumulative_irf,ln_compensation_ea20_real,2,5.5790095638193454e-09,positive,,
cumulative_irf,ln_compensation_ea20_real,4,-1.2920595398083446e-08,negative,,
cumulative_irf,ln_compensation_ea20_real,8,-8.553326811260347e-08,negative,,
cumulative_irf,ln_compensation_ea20_real,12,-1.7467914266922454e-07,negative,,
cumulative_irf,ln_ecb_assets_ea_stock,0,3.707807936158248e-07,positive,,
cumulative_irf,ln_ecb_assets_ea_stock,1,6.645337071533497e-07,positive,,
cumulative_irf,ln_ecb_assets_ea_stock,2,1.180640471474179e-06,positive,,
cumulative_irf,ln_ecb_assets_ea_stock,4,1.7116117211820063e-06,positive,,
cumulative_irf,ln_ecb_assets_ea_stock,8,2.0848103974137102e-06,positive,,
cumulative_irf,ln_ecb_assets_ea_stock,12,1.8871038491016753e-06,positive,,
cumulative_irf,ln_hh_loans_ea_stock,0,1.0575135283962145e-08,positive,,
cumulative_irf,ln_hh_loans_ea_stock,1,3.836314784769358e-09,positive,,
cumulative_irf,ln_hh_loans_ea_stock,2,3.2753074712074955e-10,positive,,
cumulative_irf,ln_hh_loans_ea_stock,4,-8.06713691659648e-09,negative,,
cumulative_irf,ln_hh_loans_ea_stock,8,-6.108247677816109e-08,negative,,
cumulative_irf,ln_hh_loans_ea_stock,12,-1.748053882140523e-07,negative,,
cumulative_irf,ln_house_price_de_real,0,1.3833020128862631e-08,positive,,
cumulative_irf,ln_house_price_de_real,1,6.05537734353678e-08,positive,,
cumulative_irf,ln_house_price_de_real,2,1.2130674727703433e-07,positive,,
cumulative_irf,ln_house_price_de_real,4,1.7821609685275025e-07,positive,,
cumulative_irf,ln_house_price_de_real,8,1.9146257768064378e-07,positive,,
cumulative_irf,ln_house_price_de_real,12,2.601818155684834e-07,positive,,
cumulative_irf,ln_nfc_loans_ea_stock,0,7.129894912061861e-09,positive,,
cumulative_irf,ln_nfc_loans_ea_stock,1,-8.69245176357498e-09,negative,,
cumulative_irf,ln_nfc_loans_ea_stock,2,-1.9984516609491657e-08,negative,,
cumulative_irf,ln_nfc_loans_ea_stock,4,-6.682279674730055e-08,negative,,
cumulative_irf,ln_nfc_loans_ea_stock,8,-2.0039508124596007e-07,negative,,
cumulative_irf,ln_nfc_loans_ea_stock,12,-4.4141404592572267e-07,negative,,
regime_interactions,ln_compensation_ea20_real,0,-4.640177890068584e-09,negative,,covid
regime_interactions,ln_compensation_ea20_real,1,1.205261129043276e-07,positive,,covid
regime_interactions,ln_compensation_ea20_real,2,2.670830862924817e-08,positive,,covid
regime_interactions,ln_compensation_ea20_real,4,-1.0060390240554123e-09,negative,,covid
regime_interactions,ln_compensation_ea20_real,8,-3.0723256559756825e-08,negative,,covid
regime_interactions,ln_compensation_ea20_real,12,-9.504588510049168e-15,negative,,covid
regime_interactions,ln_compensation_ea20_real,0,-1.026165439625274e-07,negative,,pre_qe
regime_interactions,ln_compensation_ea20_real,1,-3.3821824872635736e-08,negative,,pre_qe
regime_interactions,ln_compensation_ea20_real,2,-1.2006608041805238e-07,negative,,pre_qe
regime_interactions,ln_compensation_ea20_real,4,-8.995923462333875e-08,negative,,pre_qe
regime_interactions,ln_compensation_ea20_real,8,-1.0038006190728313e-07,negative,,pre_qe
regime_interactions,ln_compensation_ea20_real,12,-1.2444163152773962e-07,negative,,pre_qe
regime_interactions,ln_compensation_ea20_real,0,-1.455064894790355e-07,negative,,qe
regime_interactions,ln_compensation_ea20_real,1,-6.661433206377438e-08,negative,,qe
regime_interactions,ln_compensation_ea20_real,2,-5.7987317680938694e-08,negative,,qe
regime_interactions,ln_compensation_ea20_real,4,-5.5450358477120985e-08,negative,,qe
regime_interactions,ln_compensation_ea20_real,8,-8.381781763709946e-10,negative,,qe
regime_interactions,ln_compensation_ea20_real,12,-2.1961137908409e-08,negative,,qe
regime_interactions,ln_compensation_ea20_real,0,1.895064404067843e-08,positive,,tightening
regime_interactions,ln_compensation_ea20_real,1,-1.570314174129306e-07,negative,,tightening
regime_interactions,ln_compensation_ea20_real,2,7.31248715613509e-14,positive,,tightening
regime_interactions,ln_compensation_ea20_real,4,5.707640145499907e-14,positive,,tightening
regime_interactions,ln_compensation_ea20_real,8,1.9853807167059786e-13,positive,,tightening
regime_interactions,ln_compensation_ea20_real,12,-3.2689289441989123e-13,negative,,tightening
regime_interactions,ln_ecb_assets_ea_stock,0,1.3254121042796053e-07,positive,,covid
regime_interactions,ln_ecb_assets_ea_stock,1,-1.783041613486658e-07,negative,,covid
regime_interactions,ln_ecb_assets_ea_stock,2,-1.0486909622899633e-07,negative,,covid
regime_interactions,ln_ecb_assets_ea_stock,4,-2.0653028468516914e-07,negative,,covid
regime_interactions,ln_ecb_assets_ea_stock,8,-9.628264776995883e-08,negative,,covid
regime_interactions,ln_ecb_assets_ea_stock,12,-5.118160768646686e-13,negative,,covid
regime_interactions,ln_ecb_assets_ea_stock,0,6.423384802166535e-07,positive,,pre_qe
regime_interactions,ln_ecb_assets_ea_stock,1,9.074674093080824e-07,positive,,pre_qe
regime_interactions,ln_ecb_assets_ea_stock,2,1.374581609296522e-06,positive,,pre_qe
regime_interactions,ln_ecb_assets_ea_stock,4,1.3849672952351424e-06,positive,,pre_qe
regime_interactions,ln_ecb_assets_ea_stock,8,4.211626497926593e-07,positive,,pre_qe
regime_interactions,ln_ecb_assets_ea_stock,12,-5.902249929512591e-07,negative,,pre_qe
regime_interactions,ln_ecb_assets_ea_stock,0,6.085843808467259e-07,positive,,qe
regime_interactions,ln_ecb_assets_ea_stock,1,6.975721116138115e-07,positive,,qe
regime_interactions,ln_ecb_assets_ea_stock,2,1.1021436254196692e-06,positive,,qe
regime_interactions,ln_ecb_assets_ea_stock,4,1.4631505470027851e-06,positive,,qe
regime_interactions,ln_ecb_assets_ea_stock,8,9.907867842964516e-07,positive,,qe
regime_interactions,ln_ecb_assets_ea_stock,12,-1.1626913436637076e-07,negative,,qe
regime_interactions,ln_ecb_assets_ea_stock,0,-1.893782829170395e-08,negative,,tightening
regime_interactions,ln_ecb_assets_ea_stock,1,7.347840497321503e-07,positive,,tightening
regime_interactions,ln_ecb_assets_ea_stock,2,1.242216290055815e-12,positive,,tightening
regime_interactions,ln_ecb_assets_ea_stock,4,4.812821226406257e-13,positive,,tightening
regime_interactions,ln_ecb_assets_ea_stock,8,-3.122263774855869e-12,negative,,tightening
regime_interactions,ln_ecb_assets_ea_stock,12,2.56157140409241e-12,positive,,tightening
regime_interactions,ln_hh_loans_ea_stock,0,1.5717734829516667e-08,positive,,covid
regime_interactions,ln_hh_loans_ea_stock,1,1.446917874691868e-08,positive,,covid
regime_interactions,ln_hh_loans_ea_stock,2,2.310956542153905e-08,positive,,covid
regime_interactions,ln_hh_loans_ea_stock,4,3.3228217113737696e-08,positive,,covid
regime_interactions,ln_hh_loans_ea_stock,8,2.3290436644901973e-08,positive,,covid
regime_interactions,ln_hh_loans_ea_stock,12,-3.181943139097789e-14,negative,,covid
regime_interactions,ln_hh_loans_ea_stock,0,1.920457709267519e-08,positive,,pre_qe
regime_interactions,ln_hh_loans_ea_stock,1,-1.1429767407538541e-08,negative,,pre_qe
regime_interactions,ln_hh_loans_ea_stock,2,-3.472092805617333e-09,negative,,pre_qe
regime_interactions,ln_hh_loans_ea_stock,4,-2.849613107014619e-08,negative,,pre_qe
regime_interactions,ln_hh_loans_ea_stock,8,-8.941725440836363e-08,negative,,pre_qe
regime_interactions,ln_hh_loans_ea_stock,12,-1.9676031730738162e-07,negative,,pre_qe
regime_interactions,ln_hh_loans_ea_stock,0,2.7885260778764796e-08,positive,,qe
regime_interactions,ln_hh_loans_ea_stock,1,2.8264775674207997e-08,positive,,qe
regime_interactions,ln_hh_loans_ea_stock,2,3.812133412452977e-08,positive,,qe
regime_interactions,ln_hh_loans_ea_stock,4,-2.427158001541239e-09,negative,,qe
regime_interactions,ln_hh_loans_ea_stock,8,-4.709300598445249e-08,negative,,qe
regime_interactions,ln_hh_loans_ea_stock,12,-7.129807736067165e-08,negative,,qe
regime_interactions,ln_hh_loans_ea_stock,0,-1.4574779877539066e-07,negative,,tightening
regime_interactions,ln_hh_loans_ea_stock,1,-9.893031139200783e-08,negative,,tightening
regime_interactions,ln_hh_loans_ea_stock,2,-5.713375539999252e-14,negative,,tightening
regime_interactions,ln_hh_loans_ea_stock,4,-2.858955130424415e-14,negative,,tightening
regime_interactions,ln_hh_loans_ea_stock,8,3.430457755655472e-13,positive,,tightening
regime_interactions,ln_hh_loans_ea_stock,12,-2.7190578741965664e-13,negative,,tightening
regime_interactions,ln_house_price_de_real,0,2.0526616986975273e-08,positive,,covid
regime_interactions,ln_house_price_de_real,1,6.357587402879355e-08,positive,,covid
regime_interactions,ln_house_price_de_real,2,4.3467777900286915e-08,positive,,covid
regime_interactions,ln_house_price_de_real,4,2.9749851376183945e-08,positive,,covid
regime_interactions,ln_house_price_de_real,8,-6.093969679947064e-08,negative,,covid
regime_interactions,ln_house_price_de_real,12,-1.1156747302672481e-13,negative,,covid
regime_interactions,ln_house_price_de_real,0,3.0998383430174706e-08,positive,,pre_qe
regime_interactions,ln_house_price_de_real,1,5.3075411660470876e-08,positive,,pre_qe
regime_interactions,ln_house_price_de_real,2,6.10134860184952e-08,positive,,pre_qe
regime_interactions,ln_house_price_de_real,4,6.332948847210725e-08,positive,,pre_qe
regime_interactions,ln_house_price_de_real,8,2.4385797000263052e-08,positive,,pre_qe
regime_interactions,ln_house_price_de_real,12,2.2295777760708132e-08,positive,,pre_qe
regime_interactions,ln_house_price_de_real,0,1.4992030712264065e-08,positive,,qe
regime_interactions,ln_house_price_de_real,1,2.9664984064475982e-08,positive,,qe
regime_interactions,ln_house_price_de_real,2,6.514993236582396e-08,positive,,qe
regime_interactions,ln_house_price_de_real,4,3.4926864650727154e-08,positive,,qe
regime_interactions,ln_house_price_de_real,8,8.147957715365204e-08,positive,,qe
regime_interactions,ln_house_price_de_real,12,1.0952977057330173e-07,positive,,qe
regime_interactions,ln_house_price_de_real,0,-5.72833263375807e-08,negative,,tightening
regime_interactions,ln_house_price_de_real,1,-1.3681435326726685e-07,negative,,tightening
regime_interactions,ln_house_price_de_real,2,7.262714773304029e-14,positive,,tightening
regime_interactions,ln_house_price_de_real,4,6.503893284904618e-14,positive,,tightening
regime_interactions,ln_house_price_de_real,8,-4.421715067501634e-13,negative,,tightening
regime_interactions,ln_house_price_de_real,12,3.615402874324221e-13,positive,,tightening
regime_interactions,ln_nfc_loans_ea_stock,0,-3.6636769105994575e-08,negative,,covid
regime_interactions,ln_nfc_loans_ea_stock,1,-7.201877938225098e-08,negative,,covid
regime_interactions,ln_nfc_loans_ea_stock,2,-6.094292491108397e-08,negative,,covid
regime_interactions,ln_nfc_loans_ea_stock,4,-4.9776947123948345e-08,negative,,covid
regime_interactions,ln_nfc_loans_ea_stock,8,2.093097737859485e-09,positive,,covid
regime_interactions,ln_nfc_loans_ea_stock,12,-1.7180277779259726e-14,negative,,covid
regime_interactions,ln_nfc_loans_ea_stock,0,4.118780246002178e-08,positive,,pre_qe
regime_interactions,ln_nfc_loans_ea_stock,1,8.657708279401063e-08,positive,,pre_qe
regime_interactions,ln_nfc_loans_ea_stock,2,1.3974053163084401e-07,positive,,pre_qe
regime_interactions,ln_nfc_loans_ea_stock,4,3.720591028532382e-08,positive,,pre_qe
regime_interactions,ln_nfc_loans_ea_stock,8,-6.67544349884499e-08,negative,,pre_qe
regime_interactions,ln_nfc_loans_ea_stock,12,-3.494619567169466e-07,negative,,pre_qe
regime_interactions,ln_nfc_loans_ea_stock,0,8.4445638605908e-08,positive,,qe
regime_interactions,ln_nfc_loans_ea_stock,1,1.1570817311556049e-07,positive,,qe
regime_interactions,ln_nfc_loans_ea_stock,2,9.36541595921818e-08,positive,,qe
regime_interactions,ln_nfc_loans_ea_stock,4,8.504594344114034e-08,positive,,qe
regime_interactions,ln_nfc_loans_ea_stock,8,-2.686028592857663e-07,negative,,qe
regime_interactions,ln_nfc_loans_ea_stock,12,-1.507755687860767e-07,negative,,qe
regime_interactions,ln_nfc_loans_ea_stock,0,-6.624425234358293e-07,negative,,tightening
regime_interactions,ln_nfc_loans_ea_stock,1,-3.485648959632399e-07,negative,,tightening
regime_interactions,ln_nfc_loans_ea_stock,2,2.2492553901314175e-13,positive,,tightening
regime_interactions,ln_nfc_loans_ea_stock,4,1.566484092542124e-14,positive,,tightening
regime_interactions,ln_nfc_loans_ea_stock,8,3.2632990886224474e-13,positive,,tightening
regime_interactions,ln_nfc_loans_ea_stock,12,-6.771324584642749e-13,negative,,tightening
