file,check_type,language_rule,match_count,status,example
README.md,forbidden_phrase,forbidden QE inequality claim,0,pass,
README.md,forbidden_phrase,forbidden ECB housing claim,0,pass,
README.md,forbidden_phrase,forbidden redistribution claim,0,pass,
README.md,forbidden_phrase,forbidden affordability claim,0,pass,
README.md,forbidden_phrase,forbidden mechanical bank redistribution claim,0,pass,
README.md,forbidden_phrase,inequality causality claim,0,pass,
README.md,forbidden_phrase,welfare identification claim,0,pass,
README.md,forbidden_phrase,proof language,0,pass,
README.md,forbidden_phrase,strong causal effect language,0,pass,
README.md,preferred_phrase_presence,persistent reduced-form transmission,0,not_observed,
README.md,preferred_phrase_presence,financial-channel dominance,0,not_observed,
README.md,preferred_phrase_presence,differential transmission persistence,0,not_observed,
README.md,preferred_phrase_presence,housing-finance-related responses,0,not_observed,
README.md,preferred_phrase_presence,suggestive distributional implications,0,not_observed,
README.md,preferred_phrase_presence,dynamic transmission asymmetry,0,not_observed,
docs/bootstrap_methodology.md,forbidden_phrase,forbidden QE inequality claim,0,pass,
docs/bootstrap_methodology.md,forbidden_phrase,forbidden ECB housing claim,0,pass,
docs/bootstrap_methodology.md,forbidden_phrase,forbidden redistribution claim,0,pass,
docs/bootstrap_methodology.md,forbidden_phrase,forbidden affordability claim,0,pass,
docs/bootstrap_methodology.md,forbidden_phrase,forbidden mechanical bank redistribution claim,0,pass,
docs/bootstrap_methodology.md,forbidden_phrase,inequality causality claim,0,pass,
docs/bootstrap_methodology.md,forbidden_phrase,welfare identification claim,0,pass,
docs/bootstrap_methodology.md,forbidden_phrase,proof language,0,pass,
docs/bootstrap_methodology.md,forbidden_phrase,strong causal effect language,0,pass,
docs/bootstrap_methodology.md,preferred_phrase_presence,persistent reduced-form transmission,0,not_observed,
docs/bootstrap_methodology.md,preferred_phrase_presence,financial-channel dominance,0,not_observed,
docs/bootstrap_methodology.md,preferred_phrase_presence,differential transmission persistence,0,not_observed,
docs/bootstrap_methodology.md,preferred_phrase_presence,housing-finance-related responses,0,not_observed,
docs/bootstrap_methodology.md,preferred_phrase_presence,suggestive distributional implications,0,not_observed,
docs/bootstrap_methodology.md,preferred_phrase_presence,dynamic transmission asymmetry,0,not_observed,
docs/causal_language_governance_audit.md,forbidden_phrase,forbidden QE inequality claim,0,pass,
docs/causal_language_governance_audit.md,forbidden_phrase,forbidden ECB housing claim,0,pass,
docs/causal_language_governance_audit.md,forbidden_phrase,forbidden redistribution claim,0,pass,
docs/causal_language_governance_audit.md,forbidden_phrase,forbidden affordability claim,0,pass,
docs/causal_language_governance_audit.md,forbidden_phrase,forbidden mechanical bank redistribution claim,0,pass,
docs/causal_language_governance_audit.md,forbidden_phrase,inequality causality claim,0,pass,
docs/causal_language_governance_audit.md,forbidden_phrase,welfare identification claim,0,pass,
docs/causal_language_governance_audit.md,forbidden_phrase,proof language,0,pass,
docs/causal_language_governance_audit.md,forbidden_phrase,strong causal effect language,0,pass,
docs/causal_language_governance_audit.md,preferred_phrase_presence,persistent reduced-form transmission,1,observed,persistent reduced-form transmission
docs/causal_language_governance_audit.md,preferred_phrase_presence,financial-channel dominance,1,observed,financial-channel dominance
docs/causal_language_governance_audit.md,preferred_phrase_presence,differential transmission persistence,1,observed,differential transmission persistence
docs/causal_language_governance_audit.md,preferred_phrase_presence,housing-finance-related responses,1,observed,housing-finance-related responses
docs/causal_language_governance_audit.md,preferred_phrase_presence,suggestive distributional implications,1,observed,suggestive distributional implications
docs/causal_language_governance_audit.md,preferred_phrase_presence,dynamic transmission asymmetry,1,observed,dynamic transmission asymmetry
docs/compensation_proxy_validation.md,forbidden_phrase,forbidden QE inequality claim,0,pass,
docs/compensation_proxy_validation.md,forbidden_phrase,forbidden ECB housing claim,0,pass,
docs/compensation_proxy_validation.md,forbidden_phrase,forbidden redistribution claim,0,pass,
docs/compensation_proxy_validation.md,forbidden_phrase,forbidden affordability claim,0,pass,
docs/compensation_proxy_validation.md,forbidden_phrase,forbidden mechanical bank redistribution claim,0,pass,
docs/compensation_proxy_validation.md,forbidden_phrase,inequality causality claim,0,pass,
docs/compensation_proxy_validation.md,forbidden_phrase,welfare identification claim,0,pass,
docs/compensation_proxy_validation.md,forbidden_phrase,proof language,0,pass,
docs/compensation_proxy_validation.md,forbidden_phrase,strong causal effect language,0,pass,
docs/compensation_proxy_validation.md,preferred_phrase_presence,persistent reduced-form transmission,0,not_observed,
docs/compensation_proxy_validation.md,preferred_phrase_presence,financial-channel dominance,0,not_observed,
docs/compensation_proxy_validation.md,preferred_phrase_presence,differential transmission persistence,0,not_observed,
docs/compensation_proxy_validation.md,preferred_phrase_presence,housing-finance-related responses,0,not_observed,
docs/compensation_proxy_validation.md,preferred_phrase_presence,suggestive distributional implications,0,not_observed,
docs/compensation_proxy_validation.md,preferred_phrase_presence,dynamic transmission asymmetry,0,not_observed,
docs/diagnostics/README.md,forbidden_phrase,forbidden QE inequality claim,0,pass,
docs/diagnostics/README.md,forbidden_phrase,forbidden ECB housing claim,0,pass,
docs/diagnostics/README.md,forbidden_phrase,forbidden redistribution claim,0,pass,
docs/diagnostics/README.md,forbidden_phrase,forbidden affordability claim,0,pass,
docs/diagnostics/README.md,forbidden_phrase,forbidden mechanical bank redistribution claim,0,pass,
docs/diagnostics/README.md,forbidden_phrase,inequality causality claim,0,pass,
docs/diagnostics/README.md,forbidden_phrase,welfare identification claim,0,pass,
docs/diagnostics/README.md,forbidden_phrase,proof language,0,pass,
docs/diagnostics/README.md,forbidden_phrase,strong causal effect language,0,pass,
docs/diagnostics/README.md,preferred_phrase_presence,persistent reduced-form transmission,0,not_observed,
docs/diagnostics/README.md,preferred_phrase_presence,financial-channel dominance,0,not_observed,
docs/diagnostics/README.md,preferred_phrase_presence,differential transmission persistence,0,not_observed,
docs/diagnostics/README.md,preferred_phrase_presence,housing-finance-related responses,0,not_observed,
docs/diagnostics/README.md,preferred_phrase_presence,suggestive distributional implications,0,not_observed,
docs/diagnostics/README.md,preferred_phrase_presence,dynamic transmission asymmetry,0,not_observed,
docs/final_claims_boundary.md,forbidden_phrase,forbidden QE inequality claim,0,pass,
docs/final_claims_boundary.md,forbidden_phrase,forbidden ECB housing claim,0,pass,
docs/final_claims_boundary.md,forbidden_phrase,forbidden redistribution claim,0,pass,
docs/final_claims_boundary.md,forbidden_phrase,forbidden affordability claim,0,pass,
docs/final_claims_boundary.md,forbidden_phrase,forbidden mechanical bank redistribution claim,0,pass,
docs/final_claims_boundary.md,forbidden_phrase,inequality causality claim,0,pass,
docs/final_claims_boundary.md,forbidden_phrase,welfare identification claim,0,pass,
docs/final_claims_boundary.md,forbidden_phrase,proof language,0,pass,
docs/final_claims_boundary.md,forbidden_phrase,strong causal effect language,0,pass,
docs/final_claims_boundary.md,preferred_phrase_presence,persistent reduced-form transmission,1,observed,persistent reduced-form transmission
docs/final_claims_boundary.md,preferred_phrase_presence,financial-channel dominance,1,observed,financial-channel dominance
docs/final_claims_boundary.md,preferred_phrase_presence,differential transmission persistence,1,observed,differential transmission persistence
docs/final_claims_boundary.md,preferred_phrase_presence,housing-finance-related responses,1,observed,housing-finance-related responses
docs/final_claims_boundary.md,preferred_phrase_presence,suggestive distributional implications,1,observed,suggestive distributional implications
docs/final_claims_boundary.md,preferred_phrase_presence,dynamic transmission asymmetry,1,observed,dynamic transmission asymmetry
docs/final_delivery_report.md,forbidden_phrase,forbidden QE inequality claim,0,pass,
docs/final_delivery_report.md,forbidden_phrase,forbidden ECB housing claim,0,pass,
docs/final_delivery_report.md,forbidden_phrase,forbidden redistribution claim,0,pass,
docs/final_delivery_report.md,forbidden_phrase,forbidden affordability claim,0,pass,
docs/final_delivery_report.md,forbidden_phrase,forbidden mechanical bank redistribution claim,0,pass,
docs/final_delivery_report.md,forbidden_phrase,inequality causality claim,0,pass,
docs/final_delivery_report.md,forbidden_phrase,welfare identification claim,0,pass,
docs/final_delivery_report.md,forbidden_phrase,proof language,0,pass,
docs/final_delivery_report.md,forbidden_phrase,strong causal effect language,0,pass,
docs/final_delivery_report.md,preferred_phrase_presence,persistent reduced-form transmission,0,not_observed,
docs/final_delivery_report.md,preferred_phrase_presence,financial-channel dominance,0,not_observed,
docs/final_delivery_report.md,preferred_phrase_presence,differential transmission persistence,0,not_observed,
docs/final_delivery_report.md,preferred_phrase_presence,housing-finance-related responses,0,not_observed,
docs/final_delivery_report.md,preferred_phrase_presence,suggestive distributional implications,0,not_observed,
docs/final_delivery_report.md,preferred_phrase_presence,dynamic transmission asymmetry,0,not_observed,
docs/final_empirical_findings.md,forbidden_phrase,forbidden QE inequality claim,0,pass,
docs/final_empirical_findings.md,forbidden_phrase,forbidden ECB housing claim,0,pass,
docs/final_empirical_findings.md,forbidden_phrase,forbidden redistribution claim,0,pass,
docs/final_empirical_findings.md,forbidden_phrase,forbidden affordability claim,0,pass,
docs/final_empirical_findings.md,forbidden_phrase,forbidden mechanical bank redistribution claim,0,pass,
docs/final_empirical_findings.md,forbidden_phrase,inequality causality claim,0,pass,
docs/final_empirical_findings.md,forbidden_phrase,welfare identification claim,0,pass,
docs/final_empirical_findings.md,forbidden_phrase,proof language,0,pass,
docs/final_empirical_findings.md,forbidden_phrase,strong causal effect language,0,pass,
docs/final_empirical_findings.md,preferred_phrase_presence,persistent reduced-form transmission,0,not_observed,
docs/final_empirical_findings.md,preferred_phrase_presence,financial-channel dominance,0,not_observed,
docs/final_empirical_findings.md,preferred_phrase_presence,differential transmission persistence,0,not_observed,
docs/final_empirical_findings.md,preferred_phrase_presence,housing-finance-related responses,0,not_observed,
docs/final_empirical_findings.md,preferred_phrase_presence,suggestive distributional implications,0,not_observed,
docs/final_empirical_findings.md,preferred_phrase_presence,dynamic transmission asymmetry,0,not_observed,
docs/final_figure_registry.md,forbidden_phrase,forbidden QE inequality claim,0,pass,
docs/final_figure_registry.md,forbidden_phrase,forbidden ECB housing claim,0,pass,
docs/final_figure_registry.md,forbidden_phrase,forbidden redistribution claim,0,pass,
docs/final_figure_registry.md,forbidden_phrase,forbidden affordability claim,0,pass,
docs/final_figure_registry.md,forbidden_phrase,forbidden mechanical bank redistribution claim,0,pass,
docs/final_figure_registry.md,forbidden_phrase,inequality causality claim,0,pass,
docs/final_figure_registry.md,forbidden_phrase,welfare identification claim,0,pass,
docs/final_figure_registry.md,forbidden_phrase,proof language,0,pass,
docs/final_figure_registry.md,forbidden_phrase,strong causal effect language,0,pass,
docs/final_figure_registry.md,preferred_phrase_presence,persistent reduced-form transmission,0,not_observed,
docs/final_figure_registry.md,preferred_phrase_presence,financial-channel dominance,0,not_observed,
docs/final_figure_registry.md,preferred_phrase_presence,differential transmission persistence,0,not_observed,
docs/final_figure_registry.md,preferred_phrase_presence,housing-finance-related responses,0,not_observed,
docs/final_figure_registry.md,preferred_phrase_presence,suggestive distributional implications,0,not_observed,
docs/final_figure_registry.md,preferred_phrase_presence,dynamic transmission asymmetry,0,not_observed,
docs/final_identification_audit.md,forbidden_phrase,forbidden QE inequality claim,0,pass,
docs/final_identification_audit.md,forbidden_phrase,forbidden ECB housing claim,0,pass,
docs/final_identification_audit.md,forbidden_phrase,forbidden redistribution claim,0,pass,
docs/final_identification_audit.md,forbidden_phrase,forbidden affordability claim,0,pass,
docs/final_identification_audit.md,forbidden_phrase,forbidden mechanical bank redistribution claim,0,pass,
docs/final_identification_audit.md,forbidden_phrase,inequality causality claim,0,pass,
docs/final_identification_audit.md,forbidden_phrase,welfare identification claim,0,pass,
docs/final_identification_audit.md,forbidden_phrase,proof language,0,pass,
docs/final_identification_audit.md,forbidden_phrase,strong causal effect language,0,pass,
docs/final_identification_audit.md,preferred_phrase_presence,persistent reduced-form transmission,0,not_observed,
docs/final_identification_audit.md,preferred_phrase_presence,financial-channel dominance,0,not_observed,
docs/final_identification_audit.md,preferred_phrase_presence,differential transmission persistence,0,not_observed,
docs/final_identification_audit.md,preferred_phrase_presence,housing-finance-related responses,0,not_observed,
docs/final_identification_audit.md,preferred_phrase_presence,suggestive distributional implications,0,not_observed,
docs/final_identification_audit.md,preferred_phrase_presence,dynamic transmission asymmetry,0,not_observed,
docs/final_identification_statement.md,forbidden_phrase,forbidden QE inequality claim,0,pass,
docs/final_identification_statement.md,forbidden_phrase,forbidden ECB housing claim,0,pass,
docs/final_identification_statement.md,forbidden_phrase,forbidden redistribution claim,0,pass,
docs/final_identification_statement.md,forbidden_phrase,forbidden affordability claim,0,pass,
docs/final_identification_statement.md,forbidden_phrase,forbidden mechanical bank redistribution claim,0,pass,
docs/final_identification_statement.md,forbidden_phrase,inequality causality claim,0,pass,
docs/final_identification_statement.md,forbidden_phrase,welfare identification claim,0,pass,
docs/final_identification_statement.md,forbidden_phrase,proof language,0,pass,
docs/final_identification_statement.md,forbidden_phrase,strong causal effect language,0,pass,
docs/final_identification_statement.md,preferred_phrase_presence,persistent reduced-form transmission,0,not_observed,
docs/final_identification_statement.md,preferred_phrase_presence,financial-channel dominance,0,not_observed,
docs/final_identification_statement.md,preferred_phrase_presence,differential transmission persistence,0,not_observed,
docs/final_identification_statement.md,preferred_phrase_presence,housing-finance-related responses,0,not_observed,
docs/final_identification_statement.md,preferred_phrase_presence,suggestive distributional implications,0,not_observed,
docs/final_identification_statement.md,preferred_phrase_presence,dynamic transmission asymmetry,0,not_observed,
docs/final_methodology.md,forbidden_phrase,forbidden QE inequality claim,0,pass,
docs/final_methodology.md,forbidden_phrase,forbidden ECB housing claim,0,pass,
docs/final_methodology.md,forbidden_phrase,forbidden redistribution claim,0,pass,
docs/final_methodology.md,forbidden_phrase,forbidden affordability claim,0,pass,
docs/final_methodology.md,forbidden_phrase,forbidden mechanical bank redistribution claim,0,pass,
docs/final_methodology.md,forbidden_phrase,inequality causality claim,0,pass,
docs/final_methodology.md,forbidden_phrase,welfare identification claim,0,pass,
docs/final_methodology.md,forbidden_phrase,proof language,0,pass,
docs/final_methodology.md,forbidden_phrase,strong causal effect language,0,pass,
docs/final_methodology.md,preferred_phrase_presence,persistent reduced-form transmission,0,not_observed,
docs/final_methodology.md,preferred_phrase_presence,financial-channel dominance,0,not_observed,
docs/final_methodology.md,preferred_phrase_presence,differential transmission persistence,0,not_observed,
docs/final_methodology.md,preferred_phrase_presence,housing-finance-related responses,0,not_observed,
docs/final_methodology.md,preferred_phrase_presence,suggestive distributional implications,0,not_observed,
docs/final_methodology.md,preferred_phrase_presence,dynamic transmission asymmetry,0,not_observed,
docs/final_reduced_form_specification.md,forbidden_phrase,forbidden QE inequality claim,0,pass,
docs/final_reduced_form_specification.md,forbidden_phrase,forbidden ECB housing claim,0,pass,
docs/final_reduced_form_specification.md,forbidden_phrase,forbidden redistribution claim,0,pass,
docs/final_reduced_form_specification.md,forbidden_phrase,forbidden affordability claim,0,pass,
docs/final_reduced_form_specification.md,forbidden_phrase,forbidden mechanical bank redistribution claim,0,pass,
docs/final_reduced_form_specification.md,forbidden_phrase,inequality causality claim,0,pass,
docs/final_reduced_form_specification.md,forbidden_phrase,welfare identification claim,0,pass,
docs/final_reduced_form_specification.md,forbidden_phrase,proof language,0,pass,
docs/final_reduced_form_specification.md,forbidden_phrase,strong causal effect language,0,pass,
docs/final_reduced_form_specification.md,preferred_phrase_presence,persistent reduced-form transmission,0,not_observed,
docs/final_reduced_form_specification.md,preferred_phrase_presence,financial-channel dominance,0,not_observed,
docs/final_reduced_form_specification.md,preferred_phrase_presence,differential transmission persistence,0,not_observed,
docs/final_reduced_form_specification.md,preferred_phrase_presence,housing-finance-related responses,0,not_observed,
docs/final_reduced_form_specification.md,preferred_phrase_presence,suggestive distributional implications,0,not_observed,
docs/final_reduced_form_specification.md,preferred_phrase_presence,dynamic transmission asymmetry,0,not_observed,
docs/final_repository_audit.md,forbidden_phrase,forbidden QE inequality claim,0,pass,
docs/final_repository_audit.md,forbidden_phrase,forbidden ECB housing claim,0,pass,
docs/final_repository_audit.md,forbidden_phrase,forbidden redistribution claim,0,pass,
docs/final_repository_audit.md,forbidden_phrase,forbidden affordability claim,0,pass,
docs/final_repository_audit.md,forbidden_phrase,forbidden mechanical bank redistribution claim,0,pass,
docs/final_repository_audit.md,forbidden_phrase,inequality causality claim,0,pass,
docs/final_repository_audit.md,forbidden_phrase,welfare identification claim,0,pass,
docs/final_repository_audit.md,forbidden_phrase,proof language,0,pass,
docs/final_repository_audit.md,forbidden_phrase,strong causal effect language,0,pass,
docs/final_repository_audit.md,preferred_phrase_presence,persistent reduced-form transmission,0,not_observed,
docs/final_repository_audit.md,preferred_phrase_presence,financial-channel dominance,0,not_observed,
docs/final_repository_audit.md,preferred_phrase_presence,differential transmission persistence,0,not_observed,
docs/final_repository_audit.md,preferred_phrase_presence,housing-finance-related responses,0,not_observed,
docs/final_repository_audit.md,preferred_phrase_presence,suggestive distributional implications,0,not_observed,
docs/final_repository_audit.md,preferred_phrase_presence,dynamic transmission asymmetry,0,not_observed,
docs/final_table_registry.md,forbidden_phrase,forbidden QE inequality claim,0,pass,
docs/final_table_registry.md,forbidden_phrase,forbidden ECB housing claim,0,pass,
docs/final_table_registry.md,forbidden_phrase,forbidden redistribution claim,0,pass,
docs/final_table_registry.md,forbidden_phrase,forbidden affordability claim,0,pass,
docs/final_table_registry.md,forbidden_phrase,forbidden mechanical bank redistribution claim,0,pass,
docs/final_table_registry.md,forbidden_phrase,inequality causality claim,0,pass,
docs/final_table_registry.md,forbidden_phrase,welfare identification claim,0,pass,
docs/final_table_registry.md,forbidden_phrase,proof language,0,pass,
docs/final_table_registry.md,forbidden_phrase,strong causal effect language,0,pass,
docs/final_table_registry.md,preferred_phrase_presence,persistent reduced-form transmission,0,not_observed,
docs/final_table_registry.md,preferred_phrase_presence,financial-channel dominance,0,not_observed,
docs/final_table_registry.md,preferred_phrase_presence,differential transmission persistence,0,not_observed,
docs/final_table_registry.md,preferred_phrase_presence,housing-finance-related responses,0,not_observed,
docs/final_table_registry.md,preferred_phrase_presence,suggestive distributional implications,0,not_observed,
docs/final_table_registry.md,preferred_phrase_presence,dynamic transmission asymmetry,0,not_observed,
docs/first_stage_tournament.md,forbidden_phrase,forbidden QE inequality claim,0,pass,
docs/first_stage_tournament.md,forbidden_phrase,forbidden ECB housing claim,0,pass,
docs/first_stage_tournament.md,forbidden_phrase,forbidden redistribution claim,0,pass,
docs/first_stage_tournament.md,forbidden_phrase,forbidden affordability claim,0,pass,
docs/first_stage_tournament.md,forbidden_phrase,forbidden mechanical bank redistribution claim,0,pass,
docs/first_stage_tournament.md,forbidden_phrase,inequality causality claim,0,pass,
docs/first_stage_tournament.md,forbidden_phrase,welfare identification claim,0,pass,
docs/first_stage_tournament.md,forbidden_phrase,proof language,0,pass,
docs/first_stage_tournament.md,forbidden_phrase,strong causal effect language,0,pass,
docs/first_stage_tournament.md,preferred_phrase_presence,persistent reduced-form transmission,0,not_observed,
docs/first_stage_tournament.md,preferred_phrase_presence,financial-channel dominance,0,not_observed,
docs/first_stage_tournament.md,preferred_phrase_presence,differential transmission persistence,0,not_observed,
docs/first_stage_tournament.md,preferred_phrase_presence,housing-finance-related responses,0,not_observed,
docs/first_stage_tournament.md,preferred_phrase_presence,suggestive distributional implications,0,not_observed,
docs/first_stage_tournament.md,preferred_phrase_presence,dynamic transmission asymmetry,0,not_observed,
docs/identification/README.md,forbidden_phrase,forbidden QE inequality claim,0,pass,
docs/identification/README.md,forbidden_phrase,forbidden ECB housing claim,0,pass,
docs/identification/README.md,forbidden_phrase,forbidden redistribution claim,0,pass,
docs/identification/README.md,forbidden_phrase,forbidden affordability claim,0,pass,
docs/identification/README.md,forbidden_phrase,forbidden mechanical bank redistribution claim,0,pass,
docs/identification/README.md,forbidden_phrase,inequality causality claim,0,pass,
docs/identification/README.md,forbidden_phrase,welfare identification claim,0,pass,
docs/identification/README.md,forbidden_phrase,proof language,0,pass,
docs/identification/README.md,forbidden_phrase,strong causal effect language,0,pass,
docs/identification/README.md,preferred_phrase_presence,persistent reduced-form transmission,0,not_observed,
docs/identification/README.md,preferred_phrase_presence,financial-channel dominance,0,not_observed,
docs/identification/README.md,preferred_phrase_presence,differential transmission persistence,0,not_observed,
docs/identification/README.md,preferred_phrase_presence,housing-finance-related responses,0,not_observed,
docs/identification/README.md,preferred_phrase_presence,suggestive distributional implications,0,not_observed,
docs/identification/README.md,preferred_phrase_presence,dynamic transmission asymmetry,0,not_observed,
docs/information_effect_screening.md,forbidden_phrase,forbidden QE inequality claim,0,pass,
docs/information_effect_screening.md,forbidden_phrase,forbidden ECB housing claim,0,pass,
docs/information_effect_screening.md,forbidden_phrase,forbidden redistribution claim,0,pass,
docs/information_effect_screening.md,forbidden_phrase,forbidden affordability claim,0,pass,
docs/information_effect_screening.md,forbidden_phrase,forbidden mechanical bank redistribution claim,0,pass,
docs/information_effect_screening.md,forbidden_phrase,inequality causality claim,0,pass,
docs/information_effect_screening.md,forbidden_phrase,welfare identification claim,0,pass,
docs/information_effect_screening.md,forbidden_phrase,proof language,0,pass,
docs/information_effect_screening.md,forbidden_phrase,strong causal effect language,0,pass,
docs/information_effect_screening.md,preferred_phrase_presence,persistent reduced-form transmission,0,not_observed,
docs/information_effect_screening.md,preferred_phrase_presence,financial-channel dominance,0,not_observed,
docs/information_effect_screening.md,preferred_phrase_presence,differential transmission persistence,0,not_observed,
docs/information_effect_screening.md,preferred_phrase_presence,housing-finance-related responses,0,not_observed,
docs/information_effect_screening.md,preferred_phrase_presence,suggestive distributional implications,0,not_observed,
docs/information_effect_screening.md,preferred_phrase_presence,dynamic transmission asymmetry,0,not_observed,
docs/intermediation_mechanism_assessment.md,forbidden_phrase,forbidden QE inequality claim,0,pass,
docs/intermediation_mechanism_assessment.md,forbidden_phrase,forbidden ECB housing claim,0,pass,
docs/intermediation_mechanism_assessment.md,forbidden_phrase,forbidden redistribution claim,0,pass,
docs/intermediation_mechanism_assessment.md,forbidden_phrase,forbidden affordability claim,0,pass,
docs/intermediation_mechanism_assessment.md,forbidden_phrase,forbidden mechanical bank redistribution claim,0,pass,
docs/intermediation_mechanism_assessment.md,forbidden_phrase,inequality causality claim,0,pass,
docs/intermediation_mechanism_assessment.md,forbidden_phrase,welfare identification claim,0,pass,
docs/intermediation_mechanism_assessment.md,forbidden_phrase,proof language,0,pass,
docs/intermediation_mechanism_assessment.md,forbidden_phrase,strong causal effect language,0,pass,
docs/intermediation_mechanism_assessment.md,preferred_phrase_presence,persistent reduced-form transmission,0,not_observed,
docs/intermediation_mechanism_assessment.md,preferred_phrase_presence,financial-channel dominance,0,not_observed,
docs/intermediation_mechanism_assessment.md,preferred_phrase_presence,differential transmission persistence,0,not_observed,
docs/intermediation_mechanism_assessment.md,preferred_phrase_presence,housing-finance-related responses,0,not_observed,
docs/intermediation_mechanism_assessment.md,preferred_phrase_presence,suggestive distributional implications,0,not_observed,
docs/intermediation_mechanism_assessment.md,preferred_phrase_presence,dynamic transmission asymmetry,0,not_observed,
docs/interpretation/README.md,forbidden_phrase,forbidden QE inequality claim,0,pass,
docs/interpretation/README.md,forbidden_phrase,forbidden ECB housing claim,0,pass,
docs/interpretation/README.md,forbidden_phrase,forbidden redistribution claim,0,pass,
docs/interpretation/README.md,forbidden_phrase,forbidden affordability claim,0,pass,
docs/interpretation/README.md,forbidden_phrase,forbidden mechanical bank redistribution claim,0,pass,
docs/interpretation/README.md,forbidden_phrase,inequality causality claim,0,pass,
docs/interpretation/README.md,forbidden_phrase,welfare identification claim,0,pass,
docs/interpretation/README.md,forbidden_phrase,proof language,0,pass,
docs/interpretation/README.md,forbidden_phrase,strong causal effect language,0,pass,
docs/interpretation/README.md,preferred_phrase_presence,persistent reduced-form transmission,0,not_observed,
docs/interpretation/README.md,preferred_phrase_presence,financial-channel dominance,0,not_observed,
docs/interpretation/README.md,preferred_phrase_presence,differential transmission persistence,0,not_observed,
docs/interpretation/README.md,preferred_phrase_presence,housing-finance-related responses,0,not_observed,
docs/interpretation/README.md,preferred_phrase_presence,suggestive distributional implications,0,not_observed,
docs/interpretation/README.md,preferred_phrase_presence,dynamic transmission asymmetry,0,not_observed,
docs/methodology/README.md,forbidden_phrase,forbidden QE inequality claim,0,pass,
docs/methodology/README.md,forbidden_phrase,forbidden ECB housing claim,0,pass,
docs/methodology/README.md,forbidden_phrase,forbidden redistribution claim,0,pass,
docs/methodology/README.md,forbidden_phrase,forbidden affordability claim,0,pass,
docs/methodology/README.md,forbidden_phrase,forbidden mechanical bank redistribution claim,0,pass,
docs/methodology/README.md,forbidden_phrase,inequality causality claim,0,pass,
docs/methodology/README.md,forbidden_phrase,welfare identification claim,0,pass,
docs/methodology/README.md,forbidden_phrase,proof language,0,pass,
docs/methodology/README.md,forbidden_phrase,strong causal effect language,0,pass,
docs/methodology/README.md,preferred_phrase_presence,persistent reduced-form transmission,0,not_observed,
docs/methodology/README.md,preferred_phrase_presence,financial-channel dominance,0,not_observed,
docs/methodology/README.md,preferred_phrase_presence,differential transmission persistence,0,not_observed,
docs/methodology/README.md,preferred_phrase_presence,housing-finance-related responses,0,not_observed,
docs/methodology/README.md,preferred_phrase_presence,suggestive distributional implications,0,not_observed,
docs/methodology/README.md,preferred_phrase_presence,dynamic transmission asymmetry,0,not_observed,
docs/model_governance.md,forbidden_phrase,forbidden QE inequality claim,0,pass,
docs/model_governance.md,forbidden_phrase,forbidden ECB housing claim,0,pass,
docs/model_governance.md,forbidden_phrase,forbidden redistribution claim,0,pass,
docs/model_governance.md,forbidden_phrase,forbidden affordability claim,0,pass,
docs/model_governance.md,forbidden_phrase,forbidden mechanical bank redistribution claim,0,pass,
docs/model_governance.md,forbidden_phrase,inequality causality claim,0,pass,
docs/model_governance.md,forbidden_phrase,welfare identification claim,0,pass,
docs/model_governance.md,forbidden_phrase,proof language,0,pass,
docs/model_governance.md,forbidden_phrase,strong causal effect language,0,pass,
docs/model_governance.md,preferred_phrase_presence,persistent reduced-form transmission,0,not_observed,
docs/model_governance.md,preferred_phrase_presence,financial-channel dominance,0,not_observed,
docs/model_governance.md,preferred_phrase_presence,differential transmission persistence,0,not_observed,
docs/model_governance.md,preferred_phrase_presence,housing-finance-related responses,0,not_observed,
docs/model_governance.md,preferred_phrase_presence,suggestive distributional implications,0,not_observed,
docs/model_governance.md,preferred_phrase_presence,dynamic transmission asymmetry,0,not_observed,
docs/monthly_reduced_form_lp.md,forbidden_phrase,forbidden QE inequality claim,0,pass,
docs/monthly_reduced_form_lp.md,forbidden_phrase,forbidden ECB housing claim,0,pass,
docs/monthly_reduced_form_lp.md,forbidden_phrase,forbidden redistribution claim,0,pass,
docs/monthly_reduced_form_lp.md,forbidden_phrase,forbidden affordability claim,0,pass,
docs/monthly_reduced_form_lp.md,forbidden_phrase,forbidden mechanical bank redistribution claim,0,pass,
docs/monthly_reduced_form_lp.md,forbidden_phrase,inequality causality claim,0,pass,
docs/monthly_reduced_form_lp.md,forbidden_phrase,welfare identification claim,0,pass,
docs/monthly_reduced_form_lp.md,forbidden_phrase,proof language,0,pass,
docs/monthly_reduced_form_lp.md,forbidden_phrase,strong causal effect language,0,pass,
docs/monthly_reduced_form_lp.md,preferred_phrase_presence,persistent reduced-form transmission,0,not_observed,
docs/monthly_reduced_form_lp.md,preferred_phrase_presence,financial-channel dominance,0,not_observed,
docs/monthly_reduced_form_lp.md,preferred_phrase_presence,differential transmission persistence,0,not_observed,
docs/monthly_reduced_form_lp.md,preferred_phrase_presence,housing-finance-related responses,0,not_observed,
docs/monthly_reduced_form_lp.md,preferred_phrase_presence,suggestive distributional implications,0,not_observed,
docs/monthly_reduced_form_lp.md,preferred_phrase_presence,dynamic transmission asymmetry,0,not_observed,
docs/project_map.md,forbidden_phrase,forbidden QE inequality claim,0,pass,
docs/project_map.md,forbidden_phrase,forbidden ECB housing claim,0,pass,
docs/project_map.md,forbidden_phrase,forbidden redistribution claim,0,pass,
docs/project_map.md,forbidden_phrase,forbidden affordability claim,0,pass,
docs/project_map.md,forbidden_phrase,forbidden mechanical bank redistribution claim,0,pass,
docs/project_map.md,forbidden_phrase,inequality causality claim,0,pass,
docs/project_map.md,forbidden_phrase,welfare identification claim,0,pass,
docs/project_map.md,forbidden_phrase,proof language,0,pass,
docs/project_map.md,forbidden_phrase,strong causal effect language,0,pass,
docs/project_map.md,preferred_phrase_presence,persistent reduced-form transmission,0,not_observed,
docs/project_map.md,preferred_phrase_presence,financial-channel dominance,0,not_observed,
docs/project_map.md,preferred_phrase_presence,differential transmission persistence,0,not_observed,
docs/project_map.md,preferred_phrase_presence,housing-finance-related responses,0,not_observed,
docs/project_map.md,preferred_phrase_presence,suggestive distributional implications,0,not_observed,
docs/project_map.md,preferred_phrase_presence,dynamic transmission asymmetry,0,not_observed,
docs/proxy_validation.md,forbidden_phrase,forbidden QE inequality claim,0,pass,
docs/proxy_validation.md,forbidden_phrase,forbidden ECB housing claim,0,pass,
docs/proxy_validation.md,forbidden_phrase,forbidden redistribution claim,0,pass,
docs/proxy_validation.md,forbidden_phrase,forbidden affordability claim,0,pass,
docs/proxy_validation.md,forbidden_phrase,forbidden mechanical bank redistribution claim,0,pass,
docs/proxy_validation.md,forbidden_phrase,inequality causality claim,0,pass,
docs/proxy_validation.md,forbidden_phrase,welfare identification claim,0,pass,
docs/proxy_validation.md,forbidden_phrase,proof language,0,pass,
docs/proxy_validation.md,forbidden_phrase,strong causal effect language,0,pass,
docs/proxy_validation.md,preferred_phrase_presence,persistent reduced-form transmission,0,not_observed,
docs/proxy_validation.md,preferred_phrase_presence,financial-channel dominance,0,not_observed,
docs/proxy_validation.md,preferred_phrase_presence,differential transmission persistence,0,not_observed,
docs/proxy_validation.md,preferred_phrase_presence,housing-finance-related responses,0,not_observed,
docs/proxy_validation.md,preferred_phrase_presence,suggestive distributional implications,0,not_observed,
docs/proxy_validation.md,preferred_phrase_presence,dynamic transmission asymmetry,0,not_observed,
docs/results_hierarchy.md,forbidden_phrase,forbidden QE inequality claim,0,pass,
docs/results_hierarchy.md,forbidden_phrase,forbidden ECB housing claim,0,pass,
docs/results_hierarchy.md,forbidden_phrase,forbidden redistribution claim,0,pass,
docs/results_hierarchy.md,forbidden_phrase,forbidden affordability claim,0,pass,
docs/results_hierarchy.md,forbidden_phrase,forbidden mechanical bank redistribution claim,0,pass,
docs/results_hierarchy.md,forbidden_phrase,inequality causality claim,0,pass,
docs/results_hierarchy.md,forbidden_phrase,welfare identification claim,0,pass,
docs/results_hierarchy.md,forbidden_phrase,proof language,0,pass,
docs/results_hierarchy.md,forbidden_phrase,strong causal effect language,0,pass,
docs/results_hierarchy.md,preferred_phrase_presence,persistent reduced-form transmission,0,not_observed,
docs/results_hierarchy.md,preferred_phrase_presence,financial-channel dominance,0,not_observed,
docs/results_hierarchy.md,preferred_phrase_presence,differential transmission persistence,0,not_observed,
docs/results_hierarchy.md,preferred_phrase_presence,housing-finance-related responses,0,not_observed,
docs/results_hierarchy.md,preferred_phrase_presence,suggestive distributional implications,0,not_observed,
docs/results_hierarchy.md,preferred_phrase_presence,dynamic transmission asymmetry,0,not_observed,
docs/source_to_claim_mapping.md,forbidden_phrase,forbidden QE inequality claim,0,pass,
docs/source_to_claim_mapping.md,forbidden_phrase,forbidden ECB housing claim,0,pass,
docs/source_to_claim_mapping.md,forbidden_phrase,forbidden redistribution claim,0,pass,
docs/source_to_claim_mapping.md,forbidden_phrase,forbidden affordability claim,0,pass,
docs/source_to_claim_mapping.md,forbidden_phrase,forbidden mechanical bank redistribution claim,0,pass,
docs/source_to_claim_mapping.md,forbidden_phrase,inequality causality claim,0,pass,
docs/source_to_claim_mapping.md,forbidden_phrase,welfare identification claim,0,pass,
docs/source_to_claim_mapping.md,forbidden_phrase,proof language,0,pass,
docs/source_to_claim_mapping.md,forbidden_phrase,strong causal effect language,0,pass,
docs/source_to_claim_mapping.md,preferred_phrase_presence,persistent reduced-form transmission,0,not_observed,
docs/source_to_claim_mapping.md,preferred_phrase_presence,financial-channel dominance,0,not_observed,
docs/source_to_claim_mapping.md,preferred_phrase_presence,differential transmission persistence,0,not_observed,
docs/source_to_claim_mapping.md,preferred_phrase_presence,housing-finance-related responses,0,not_observed,
docs/source_to_claim_mapping.md,preferred_phrase_presence,suggestive distributional implications,0,not_observed,
docs/source_to_claim_mapping.md,preferred_phrase_presence,dynamic transmission asymmetry,0,not_observed,
docs/thesis_master_outline.md,forbidden_phrase,forbidden QE inequality claim,0,pass,
docs/thesis_master_outline.md,forbidden_phrase,forbidden ECB housing claim,0,pass,
docs/thesis_master_outline.md,forbidden_phrase,forbidden redistribution claim,0,pass,
docs/thesis_master_outline.md,forbidden_phrase,forbidden affordability claim,0,pass,
docs/thesis_master_outline.md,forbidden_phrase,forbidden mechanical bank redistribution claim,0,pass,
docs/thesis_master_outline.md,forbidden_phrase,inequality causality claim,0,pass,
docs/thesis_master_outline.md,forbidden_phrase,welfare identification claim,0,pass,
docs/thesis_master_outline.md,forbidden_phrase,proof language,0,pass,
docs/thesis_master_outline.md,forbidden_phrase,strong causal effect language,0,pass,
docs/thesis_master_outline.md,preferred_phrase_presence,persistent reduced-form transmission,0,not_observed,
docs/thesis_master_outline.md,preferred_phrase_presence,financial-channel dominance,0,not_observed,
docs/thesis_master_outline.md,preferred_phrase_presence,differential transmission persistence,0,not_observed,
docs/thesis_master_outline.md,preferred_phrase_presence,housing-finance-related responses,0,not_observed,
docs/thesis_master_outline.md,preferred_phrase_presence,suggestive distributional implications,0,not_observed,
docs/thesis_master_outline.md,preferred_phrase_presence,dynamic transmission asymmetry,0,not_observed,
notebooks/thesis_empirical_pipeline.ipynb,forbidden_phrase,forbidden QE inequality claim,0,pass,
notebooks/thesis_empirical_pipeline.ipynb,forbidden_phrase,forbidden ECB housing claim,0,pass,
notebooks/thesis_empirical_pipeline.ipynb,forbidden_phrase,forbidden redistribution claim,0,pass,
notebooks/thesis_empirical_pipeline.ipynb,forbidden_phrase,forbidden affordability claim,0,pass,
notebooks/thesis_empirical_pipeline.ipynb,forbidden_phrase,forbidden mechanical bank redistribution claim,0,pass,
notebooks/thesis_empirical_pipeline.ipynb,forbidden_phrase,inequality causality claim,0,pass,
notebooks/thesis_empirical_pipeline.ipynb,forbidden_phrase,welfare identification claim,0,pass,
notebooks/thesis_empirical_pipeline.ipynb,forbidden_phrase,proof language,0,pass,
notebooks/thesis_empirical_pipeline.ipynb,forbidden_phrase,strong causal effect language,0,pass,
notebooks/thesis_empirical_pipeline.ipynb,preferred_phrase_presence,persistent reduced-form transmission,0,not_observed,
notebooks/thesis_empirical_pipeline.ipynb,preferred_phrase_presence,financial-channel dominance,0,not_observed,
notebooks/thesis_empirical_pipeline.ipynb,preferred_phrase_presence,differential transmission persistence,0,not_observed,
notebooks/thesis_empirical_pipeline.ipynb,preferred_phrase_presence,housing-finance-related responses,0,not_observed,
notebooks/thesis_empirical_pipeline.ipynb,preferred_phrase_presence,suggestive distributional implications,0,not_observed,
notebooks/thesis_empirical_pipeline.ipynb,preferred_phrase_presence,dynamic transmission asymmetry,0,not_observed,
results/final/memos/execution_summary.md,forbidden_phrase,forbidden QE inequality claim,0,pass,
results/final/memos/execution_summary.md,forbidden_phrase,forbidden ECB housing claim,0,pass,
results/final/memos/execution_summary.md,forbidden_phrase,forbidden redistribution claim,0,pass,
results/final/memos/execution_summary.md,forbidden_phrase,forbidden affordability claim,0,pass,
results/final/memos/execution_summary.md,forbidden_phrase,forbidden mechanical bank redistribution claim,0,pass,
results/final/memos/execution_summary.md,forbidden_phrase,inequality causality claim,0,pass,
results/final/memos/execution_summary.md,forbidden_phrase,welfare identification claim,0,pass,
results/final/memos/execution_summary.md,forbidden_phrase,proof language,0,pass,
results/final/memos/execution_summary.md,forbidden_phrase,strong causal effect language,0,pass,
results/final/memos/execution_summary.md,preferred_phrase_presence,persistent reduced-form transmission,0,not_observed,
results/final/memos/execution_summary.md,preferred_phrase_presence,financial-channel dominance,0,not_observed,
results/final/memos/execution_summary.md,preferred_phrase_presence,differential transmission persistence,0,not_observed,
results/final/memos/execution_summary.md,preferred_phrase_presence,housing-finance-related responses,0,not_observed,
results/final/memos/execution_summary.md,preferred_phrase_presence,suggestive distributional implications,0,not_observed,
results/final/memos/execution_summary.md,preferred_phrase_presence,dynamic transmission asymmetry,0,not_observed,
results/final/memos/final_empirical_synthesis.md,forbidden_phrase,forbidden QE inequality claim,0,pass,
results/final/memos/final_empirical_synthesis.md,forbidden_phrase,forbidden ECB housing claim,0,pass,
results/final/memos/final_empirical_synthesis.md,forbidden_phrase,forbidden redistribution claim,0,pass,
results/final/memos/final_empirical_synthesis.md,forbidden_phrase,forbidden affordability claim,0,pass,
results/final/memos/final_empirical_synthesis.md,forbidden_phrase,forbidden mechanical bank redistribution claim,0,pass,
results/final/memos/final_empirical_synthesis.md,forbidden_phrase,inequality causality claim,0,pass,
results/final/memos/final_empirical_synthesis.md,forbidden_phrase,welfare identification claim,0,pass,
results/final/memos/final_empirical_synthesis.md,forbidden_phrase,proof language,0,pass,
results/final/memos/final_empirical_synthesis.md,forbidden_phrase,strong causal effect language,0,pass,
results/final/memos/final_empirical_synthesis.md,preferred_phrase_presence,persistent reduced-form transmission,0,not_observed,
results/final/memos/final_empirical_synthesis.md,preferred_phrase_presence,financial-channel dominance,0,not_observed,
results/final/memos/final_empirical_synthesis.md,preferred_phrase_presence,differential transmission persistence,0,not_observed,
results/final/memos/final_empirical_synthesis.md,preferred_phrase_presence,housing-finance-related responses,0,not_observed,
results/final/memos/final_empirical_synthesis.md,preferred_phrase_presence,suggestive distributional implications,0,not_observed,
results/final/memos/final_empirical_synthesis.md,preferred_phrase_presence,dynamic transmission asymmetry,0,not_observed,
