factor,aggregation,target_equation,sample,F_stat,partial_R2,coef,sign,p_value,observations,t_stat,architecture,instrument,weak_instrument_interpretation
qe,crisis_weighted,d_dfr_eop,robustness_2005q1_2025q4,13.775607033294797,0.230455326461542,-0.032790458698976205,negative,0.0005545744741485245,48,-3.7115504891210622,weighted_event_quarterly,qe_factor_crisis_weighted_quarterly_sum,passes_F10_but_below_stock_yogo_style_16_38_caution
fg,monthly_abs_sum,d_ln_house_price_de_real,robustness_2005q1_2025q4,13.386728025455419,0.14334722190723348,-0.0010294517961757087,negative,0.0004525490163999493,82,-3.6587877808716125,monthly_bridge_quarterly,fg_factor_monthly_abs_sum,passes_F10_but_below_stock_yogo_style_16_38_caution
fg,quarterly_abs_sum,d_ln_house_price_de_real,robustness_2005q1_2025q4,13.239145336680126,0.14048456497967765,-0.0010156805529997878,negative,0.00048103015028041547,83,-3.638563636475268,direct_quarterly,fg_factor_quarterly_abs_sum,passes_F10_but_below_stock_yogo_style_16_38_caution
target,market_magnitude_weighted,d_dfr_eop,robustness_2005q1_2025q4,13.197109327308414,0.14010100120431698,0.0029765201886164296,positive,0.0004903839093186433,83,3.632782587398868,weighted_event_quarterly,target_factor_market_magnitude_weighted_quarterly_sum,passes_F10_but_below_stock_yogo_style_16_38_caution
target,monthly_abs_sum,d_ln_house_price_de_real,robustness_2005q1_2025q4,11.325773110887797,0.12401508057463732,-0.0013101989204674293,negative,0.0011762727422583437,82,-3.3653785984474016,monthly_bridge_quarterly,target_factor_monthly_abs_sum,passes_F10_but_below_stock_yogo_style_16_38_caution
target,quarterly_abs_sum,d_ln_house_price_de_real,robustness_2005q1_2025q4,11.257516115794045,0.12202275315611724,-0.0012976663056896603,negative,0.001208866966428584,83,-3.355222215560997,direct_quarterly,target_factor_quarterly_abs_sum,passes_F10_but_below_stock_yogo_style_16_38_caution
target,market_magnitude_weighted,d_ecb_assets_ea_qavg,robustness_2005q1_2025q4,11.074992166834086,0.12028230365490446,-1797.2857387804577,negative,0.001317890934618707,83,-3.3279110815696513,weighted_event_quarterly,target_factor_market_magnitude_weighted_quarterly_sum,passes_F10_but_below_stock_yogo_style_16_38_caution
qe,monthly_mean,d_dfr_eop,robustness_2005q1_2025q4,9.229590920052265,0.1701947361848801,-0.07137123686725351,negative,0.003955608859123787,47,-3.038024180294203,monthly_bridge_quarterly,qe_factor_monthly_mean,weak_instrument_warning_below_rule_of_thumb_10
qe,quarterly_mean,d_dfr_eop,robustness_2005q1_2025q4,9.17325336531722,0.1662626871861008,-0.07009538652585035,negative,0.004018459080566985,48,-3.0287379162478256,direct_quarterly,qe_factor_quarterly_mean,weak_instrument_warning_below_rule_of_thumb_10
qe,quarterly_sum,d_dfr_eop,robustness_2005q1_2025q4,8.857498210576,0.16146376520080458,-0.03384937702307898,negative,0.004641170505714918,48,-2.9761549372598197,direct_quarterly,qe_factor_quarterly_sum,weak_instrument_warning_below_rule_of_thumb_10
qe,quarterly_signed_cumulative,d_dfr_eop,robustness_2005q1_2025q4,8.857498210576,0.16146376520080458,-0.03384937702307898,negative,0.004641170505714918,48,-2.9761549372598197,direct_quarterly,qe_factor_quarterly_signed_cumulative,weak_instrument_warning_below_rule_of_thumb_10
target,crisis_weighted,d_dfr_eop,robustness_2005q1_2025q4,8.025112508056905,0.09014436805491956,0.019594261917407235,positive,0.005819697447447422,83,2.832862952572345,weighted_event_quarterly,target_factor_crisis_weighted_quarterly_sum,weak_instrument_warning_below_rule_of_thumb_10
target,qe_event_weighted,d_dfr_eop,robustness_2005q1_2025q4,8.024424758728223,0.09013733905583572,0.013178062773203688,positive,0.005821705265600493,83,2.8327415622905354,weighted_event_quarterly,target_factor_qe_event_weighted_quarterly_sum,weak_instrument_warning_below_rule_of_thumb_10
target,monthly_abs_sum,d_wx_shadow_rate,baseline_2005q1_2022q2,7.977022783410191,0.10639289861447031,-0.05132128095703176,negative,0.006234433854938333,69,-2.8243623675814318,monthly_bridge_quarterly,target_factor_monthly_abs_sum,weak_instrument_warning_below_rule_of_thumb_10
target,quarterly_abs_sum,d_wx_shadow_rate,baseline_2005q1_2022q2,7.803435303105919,0.10431921036094331,-0.050819011580108535,negative,0.006792267544473543,69,-2.7934629589643603,direct_quarterly,target_factor_quarterly_abs_sum,weak_instrument_warning_below_rule_of_thumb_10
qe,monthly_sum,d_dfr_eop,robustness_2005q1_2025q4,7.3583473002277575,0.08423175950134501,-0.033999391534112015,negative,0.008170019948283286,82,-2.712627379539578,monthly_bridge_quarterly,qe_factor_monthly_sum,weak_instrument_warning_below_rule_of_thumb_10
target,quarterly_mean,d_dfr_eop,robustness_2005q1_2025q4,6.975597105651634,0.07929013652813861,0.05729473408024516,positive,0.009912561186757832,83,2.6411355712366666,direct_quarterly,target_factor_quarterly_mean,weak_instrument_warning_below_rule_of_thumb_10
target,monthly_mean,d_dfr_eop,robustness_2005q1_2025q4,6.7882603805973485,0.07821634344124903,0.056855035627625915,positive,0.01093862912365732,82,2.6054290204489066,monthly_bridge_quarterly,target_factor_monthly_mean,weak_instrument_warning_below_rule_of_thumb_10
target,quarterly_sum,d_dfr_eop,robustness_2005q1_2025q4,6.646772223227585,0.07583590421674537,0.02616376596630094,positive,0.011744319349541206,83,2.5781334766120207,direct_quarterly,target_factor_quarterly_sum,weak_instrument_warning_below_rule_of_thumb_10
target,quarterly_signed_cumulative,d_dfr_eop,robustness_2005q1_2025q4,6.646772223227585,0.07583590421674537,0.02616376596630094,positive,0.011744319349541206,83,2.5781334766120207,direct_quarterly,target_factor_quarterly_signed_cumulative,weak_instrument_warning_below_rule_of_thumb_10
target,monthly_sum,d_dfr_eop,robustness_2005q1_2025q4,6.56378320536474,0.07582597435457226,0.026162570851772135,positive,0.01228444476363607,82,2.5619881352896114,monthly_bridge_quarterly,target_factor_monthly_sum,weak_instrument_warning_below_rule_of_thumb_10
qe,qe_event_weighted,d_dfr_eop,robustness_2005q1_2025q4,6.258626384326298,0.11976255055573792,-0.0075808630278851995,negative,0.01597911498813169,48,-2.5017246819596872,weighted_event_quarterly,qe_factor_qe_event_weighted_quarterly_sum,weak_instrument_warning_below_rule_of_thumb_10
qe,crisis_weighted,d_ln_nfc_loans_ea_stock,robustness_2005q1_2025q4,5.597153195775583,0.10847794595446478,-0.0006916070754454725,negative,0.022259240493083924,48,-2.3658303396007887,weighted_event_quarterly,qe_factor_crisis_weighted_quarterly_sum,weak_instrument_warning_below_rule_of_thumb_10
qe,market_magnitude_weighted,d_dfr_eop,robustness_2005q1_2025q4,5.211689066711767,0.10176756833625761,-0.009228154251936163,negative,0.027104750231733005,48,-2.2829124089004744,weighted_event_quarterly,qe_factor_market_magnitude_weighted_quarterly_sum,weak_instrument_warning_below_rule_of_thumb_10
weighted_composite,monthly_abs_sum,d_ln_house_price_de_real,robustness_2005q1_2025q4,4.899545542307096,0.05770991482946816,-0.0045918651437642545,negative,0.0297118365499821,82,-2.2134917082083447,monthly_bridge_quarterly,weighted_composite_monthly_abs_sum,weak_instrument_warning_below_rule_of_thumb_10
composite,qe_heavy_timing_fg_qe,d_dfr_eop,robustness_2005q1_2025q4,4.53150913852616,0.052980582058793836,-0.14959640335248559,negative,0.03631438363556071,83,-2.128734163423456,composite_quarterly,composite_qe_heavy_timing_fg_qe,weak_instrument_warning_below_rule_of_thumb_10
qe,quarterly_sum,d_ln_nfc_loans_ea_stock,robustness_2005q1_2025q4,4.249800959383304,0.08457348841676804,-0.000753121158101062,negative,0.044932158373598804,48,-2.061504537803229,direct_quarterly,qe_factor_quarterly_sum,weak_instrument_warning_below_rule_of_thumb_10
qe,quarterly_signed_cumulative,d_ln_nfc_loans_ea_stock,robustness_2005q1_2025q4,4.249800959383304,0.08457348841676804,-0.000753121158101062,negative,0.044932158373598804,48,-2.061504537803229,direct_quarterly,qe_factor_quarterly_signed_cumulative,weak_instrument_warning_below_rule_of_thumb_10
target,market_magnitude_weighted,d_ln_house_price_de_real,robustness_2005q1_2025q4,4.231716116595521,0.04964954725077466,-7.881233280937357e-05,negative,0.04289319479797671,83,-2.0571135400350467,weighted_event_quarterly,target_factor_market_magnitude_weighted_quarterly_sum,weak_instrument_warning_below_rule_of_thumb_10
qe,quarterly_mean,d_ln_nfc_loans_ea_stock,robustness_2005q1_2025q4,3.8230499265721525,0.0767325551568292,-0.0014639169913693074,negative,0.05664333838784297,48,-1.955262111987074,direct_quarterly,qe_factor_quarterly_mean,weak_instrument_warning_below_rule_of_thumb_10
target,quarterly_mean,d_ecb_assets_ea_qavg,robustness_2005q1_2025q4,3.635100319183368,0.042950268924764744,-27479.961223115475,negative,0.0601192329339383,83,-1.9065939051574061,direct_quarterly,target_factor_quarterly_mean,weak_instrument_warning_below_rule_of_thumb_10
target,monthly_mean,d_ecb_assets_ea_qavg,robustness_2005q1_2025q4,3.5697816564256635,0.042716177853639084,-27380.871900827424,negative,0.06246302575849294,82,-1.8893865820486986,monthly_bridge_quarterly,target_factor_monthly_mean,weak_instrument_warning_below_rule_of_thumb_10
qe,monthly_mean,d_ln_nfc_loans_ea_stock,robustness_2005q1_2025q4,3.5255240996946218,0.07265298345776772,-0.0014278687456408523,negative,0.06692109993021489,47,-1.8776379043081288,monthly_bridge_quarterly,qe_factor_monthly_mean,weak_instrument_warning_below_rule_of_thumb_10
target,quarterly_abs_sum,d_ecb_assets_ea_qavg,robustness_2005q1_2025q4,3.3293522989992987,0.03948034946592145,-10814.65914249396,negative,0.07174067010466355,83,-1.8246512814779976,direct_quarterly,target_factor_quarterly_abs_sum,weak_instrument_warning_below_rule_of_thumb_10
target,monthly_abs_sum,d_ecb_assets_ea_qavg,robustness_2005q1_2025q4,3.28515477851107,0.039444661983850854,-10829.871216012789,negative,0.07366062127243302,82,-1.812499594071974,monthly_bridge_quarterly,target_factor_monthly_abs_sum,weak_instrument_warning_below_rule_of_thumb_10
timing,market_magnitude_weighted,d_ln_ecb_assets_ea_stock,robustness_2005q1_2025q4,3.144100625673501,0.037365669159154256,-0.0006456630721609171,negative,0.07996106018085276,83,-1.7731611956259083,weighted_event_quarterly,timing_factor_market_magnitude_weighted_quarterly_sum,weak_instrument_warning_below_rule_of_thumb_10
target,crisis_weighted,d_ecb_assets_ea_qavg,robustness_2005q1_2025q4,2.9977068056543152,0.03568796006050637,-8034.308772457322,negative,0.08718971810746222,83,-1.7313886928284807,weighted_event_quarterly,target_factor_crisis_weighted_quarterly_sum,weak_instrument_warning_below_rule_of_thumb_10
timing,quarterly_abs_sum,d_dfr_eop,robustness_2005q1_2025q4,2.9575846629308544,0.03522712897000113,-0.02071012066219837,negative,0.08929449424453882,83,-1.7197629670773977,direct_quarterly,timing_factor_quarterly_abs_sum,weak_instrument_warning_below_rule_of_thumb_10
timing,monthly_abs_sum,d_dfr_eop,robustness_2005q1_2025q4,2.949234914221406,0.03555469700559912,-0.020869941315476082,negative,0.08978727819768874,82,-1.717333664207805,monthly_bridge_quarterly,timing_factor_monthly_abs_sum,weak_instrument_warning_below_rule_of_thumb_10
fg,quarterly_abs_sum,d_ecb_assets_ea_qavg,robustness_2005q1_2025q4,2.9135190639610107,0.03472049672640058,-7398.02032132515,negative,0.09167102693837846,83,-1.7069033551906243,direct_quarterly,fg_factor_quarterly_abs_sum,weak_instrument_warning_below_rule_of_thumb_10
fg,monthly_abs_sum,d_ecb_assets_ea_qavg,robustness_2005q1_2025q4,2.8973595199842985,0.03495116776651763,-7450.2596072151455,negative,0.0926079065523387,82,-1.7021631884118216,monthly_bridge_quarterly,fg_factor_monthly_abs_sum,weak_instrument_warning_below_rule_of_thumb_10
qe,qe_event_weighted,d_ln_nfc_loans_ea_stock,robustness_2005q1_2025q4,2.844034560179239,0.05822685586456195,-0.00016250038178646184,negative,0.09848553346149577,48,-1.6864265653088009,weighted_event_quarterly,qe_factor_qe_event_weighted_quarterly_sum,weak_instrument_warning_below_rule_of_thumb_10
target,quarterly_sum,d_ecb_assets_ea_qavg,robustness_2005q1_2025q4,2.781374558942276,0.03319800580480462,-11280.980951385729,negative,0.0992281084176801,83,-1.6677453519474357,direct_quarterly,target_factor_quarterly_sum,weak_instrument_warning_below_rule_of_thumb_10
target,quarterly_signed_cumulative,d_ecb_assets_ea_qavg,robustness_2005q1_2025q4,2.781374558942276,0.03319800580480462,-11280.980951385729,negative,0.0992281084176801,83,-1.6677453519474357,direct_quarterly,target_factor_quarterly_signed_cumulative,weak_instrument_warning_below_rule_of_thumb_10
target,monthly_sum,d_ecb_assets_ea_qavg,robustness_2005q1_2025q4,2.7469859683946987,0.033197414216922815,-11281.177830858122,negative,0.10135469610433899,82,-1.6574033813150915,monthly_bridge_quarterly,target_factor_monthly_sum,weak_instrument_warning_below_rule_of_thumb_10
timing,quarterly_abs_sum,d_wx_shadow_rate,baseline_2005q1_2022q2,2.663958683366326,0.03824012780373906,-0.03405978648636849,negative,0.10733665099924546,69,-1.6321638040853392,direct_quarterly,timing_factor_quarterly_abs_sum,weak_instrument_warning_below_rule_of_thumb_10
timing,monthly_abs_sum,d_wx_shadow_rate,baseline_2005q1_2022q2,2.663958683366326,0.03824012780373906,-0.03405978648636849,negative,0.10733665099924546,69,-1.6321638040853392,monthly_bridge_quarterly,timing_factor_monthly_abs_sum,weak_instrument_warning_below_rule_of_thumb_10
target,qe_event_weighted,d_ecb_assets_ea_qavg,robustness_2005q1_2025q4,2.660815626200126,0.031804801402950174,-5101.214623784526,negative,0.10673034362277506,83,-1.6312006701200579,weighted_event_quarterly,target_factor_qe_event_weighted_quarterly_sum,weak_instrument_warning_below_rule_of_thumb_10
weighted_composite,monthly_abs_sum,d_ecb_assets_ea_qavg,robustness_2005q1_2025q4,2.539099973254196,0.03076238987433787,-49136.3768327946,negative,0.11500168579972912,82,-1.5934553565300147,monthly_bridge_quarterly,weighted_composite_monthly_abs_sum,weak_instrument_warning_below_rule_of_thumb_10
qe,monthly_abs_sum,d_ln_nfc_loans_ea_stock,robustness_2005q1_2025q4,2.4905166721415806,0.05244240001293864,0.0008597434912524687,positive,0.12153879111956961,47,1.5781370891470679,monthly_bridge_quarterly,qe_factor_monthly_abs_sum,weak_instrument_warning_below_rule_of_thumb_10
target,monthly_mean,d_wx_shadow_rate,baseline_2005q1_2022q2,2.3518087005059214,0.033911281400924226,-0.09932985551773117,negative,0.12984653325262144,69,-1.5335607912651918,monthly_bridge_quarterly,target_factor_monthly_mean,weak_instrument_warning_below_rule_of_thumb_10
qe,market_magnitude_weighted,d_ln_nfc_loans_ea_stock,robustness_2005q1_2025q4,2.3125638356327984,0.047866717309818556,-0.00019456358197085272,negative,0.13517689969776112,48,-1.5207116214564806,weighted_event_quarterly,qe_factor_market_magnitude_weighted_quarterly_sum,weak_instrument_warning_below_rule_of_thumb_10
target,quarterly_mean,d_wx_shadow_rate,baseline_2005q1_2022q2,2.2596169702811535,0.032625317163546254,-0.09771269805951002,negative,0.13748608049697966,69,-1.503202238649595,direct_quarterly,target_factor_quarterly_mean,weak_instrument_warning_below_rule_of_thumb_10
qe,quarterly_abs_sum,d_ln_nfc_loans_ea_stock,robustness_2005q1_2025q4,2.207563501558172,0.04579288686695022,0.0007995682483748219,positive,0.14415729643530767,48,1.485787165632471,direct_quarterly,qe_factor_quarterly_abs_sum,weak_instrument_warning_below_rule_of_thumb_10
composite,qe_heavy_timing_fg_qe,d_ln_nfc_loans_ea_stock,robustness_2005q1_2025q4,2.1597477313885274,0.025971071225043336,-0.004166262963404203,negative,0.14554147965053707,83,-1.46960801963943,composite_quarterly,composite_qe_heavy_timing_fg_qe,weak_instrument_warning_below_rule_of_thumb_10
qe,monthly_sum,d_ln_nfc_loans_ea_stock,robustness_2005q1_2025q4,2.1055048680251334,0.025643894053260896,-0.0007458309694765181,negative,0.1506799184726539,82,-1.4510357914349092,monthly_bridge_quarterly,qe_factor_monthly_sum,weak_instrument_warning_below_rule_of_thumb_10
target,quarterly_sum,d_ln_hh_loans_ea_stock,robustness_2005q1_2025q4,1.9060629239333946,0.02299063369686502,-0.0002751928033857312,negative,0.17119915568950478,83,-1.380602377201124,direct_quarterly,target_factor_quarterly_sum,weak_instrument_warning_below_rule_of_thumb_10
target,quarterly_signed_cumulative,d_ln_hh_loans_ea_stock,robustness_2005q1_2025q4,1.9060629239333946,0.02299063369686502,-0.0002751928033857312,negative,0.17119915568950478,83,-1.380602377201124,direct_quarterly,target_factor_quarterly_signed_cumulative,weak_instrument_warning_below_rule_of_thumb_10
target,monthly_sum,d_ln_hh_loans_ea_stock,robustness_2005q1_2025q4,1.8828667799726508,0.022994636778315296,-0.00027522391743946766,negative,0.1738440542503686,82,-1.3721759289437527,monthly_bridge_quarterly,target_factor_monthly_sum,weak_instrument_warning_below_rule_of_thumb_10
timing,quarterly_mean,d_ln_ecb_assets_ea_stock,robustness_2005q1_2025q4,1.8147180779145036,0.021912989865003993,-0.009056668597505414,negative,0.18169995127330563,83,-1.347114723367874,direct_quarterly,timing_factor_quarterly_mean,weak_instrument_warning_below_rule_of_thumb_10
timing,monthly_mean,d_ln_ecb_assets_ea_stock,robustness_2005q1_2025q4,1.7923312983331936,0.02191319491549593,-0.00902575016264833,negative,0.18443438066509849,82,-1.3387797796251606,monthly_bridge_quarterly,timing_factor_monthly_mean,weak_instrument_warning_below_rule_of_thumb_10
target,crisis_weighted,d_ln_ecb_assets_ea_stock,robustness_2005q1_2025q4,1.783064706332744,0.0215390033294617,0.0018934762565384795,positive,0.18551395671849713,83,1.3353144597182882,weighted_event_quarterly,target_factor_crisis_weighted_quarterly_sum,weak_instrument_warning_below_rule_of_thumb_10
target,monthly_abs_sum,d_ln_hh_loans_ea_stock,robustness_2005q1_2025q4,1.7422351549074175,0.021313769455970424,-0.00023336186306758457,negative,0.1906203983290086,82,-1.319937557200119,monthly_bridge_quarterly,target_factor_monthly_abs_sum,weak_instrument_warning_below_rule_of_thumb_10
target,quarterly_abs_sum,d_ln_hh_loans_ea_stock,robustness_2005q1_2025q4,1.6503610471262118,0.019967983517763417,-0.00022545516041665004,negative,0.20257159661062057,83,-1.2846637875826545,direct_quarterly,target_factor_quarterly_abs_sum,weak_instrument_warning_below_rule_of_thumb_10
target,monthly_mean,d_ln_hh_loans_ea_stock,robustness_2005q1_2025q4,1.6009756067535668,0.01961956453154299,-0.0005439592181341848,negative,0.20943799771292695,82,-1.265296647728732,monthly_bridge_quarterly,target_factor_monthly_mean,weak_instrument_warning_below_rule_of_thumb_10
target,qe_event_weighted,d_wx_shadow_rate,baseline_2005q1_2022q2,1.5910207170715853,0.023195757993372403,-0.014331925720047873,negative,0.21155449588712866,69,-1.2613566970019168,weighted_event_quarterly,target_factor_qe_event_weighted_quarterly_sum,weak_instrument_warning_below_rule_of_thumb_10
timing,crisis_weighted,d_ln_ecb_assets_ea_stock,robustness_2005q1_2025q4,1.5621607801446507,0.018921025871700952,-0.0022550576584634487,negative,0.21494832100222883,83,-1.2498643046925737,weighted_event_quarterly,timing_factor_crisis_weighted_quarterly_sum,weak_instrument_warning_below_rule_of_thumb_10
target,quarterly_mean,d_ln_hh_loans_ea_stock,robustness_2005q1_2025q4,1.5323299010273372,0.018566420006134628,-0.0005296244073045607,negative,0.21933918729773255,83,-1.2378731360795165,direct_quarterly,target_factor_quarterly_mean,weak_instrument_warning_below_rule_of_thumb_10
weighted_composite,monthly_sum,d_ln_hh_loans_ea_stock,robustness_2005q1_2025q4,1.4931487133909078,0.018322383377801114,-0.0010518803654253608,negative,0.2253168958460916,82,-1.2219446441598358,monthly_bridge_quarterly,weighted_composite_monthly_sum,weak_instrument_warning_below_rule_of_thumb_10
target,quarterly_sum,d_ln_ecb_assets_ea_stock,robustness_2005q1_2025q4,1.480047840653405,0.01794431355705286,0.002516017734417115,positive,0.2273001580951148,83,1.2165721682881805,direct_quarterly,target_factor_quarterly_sum,weak_instrument_warning_below_rule_of_thumb_10
target,quarterly_signed_cumulative,d_ln_ecb_assets_ea_stock,robustness_2005q1_2025q4,1.480047840653405,0.01794431355705286,0.002516017734417115,positive,0.2273001580951148,83,1.2165721682881805,direct_quarterly,target_factor_quarterly_signed_cumulative,weak_instrument_warning_below_rule_of_thumb_10
target,monthly_sum,d_ln_ecb_assets_ea_stock,robustness_2005q1_2025q4,1.460120995294063,0.01792436565836201,0.002514505627595421,positive,0.23047058199416467,82,1.2083546645310983,monthly_bridge_quarterly,target_factor_monthly_sum,weak_instrument_warning_below_rule_of_thumb_10
weighted_composite,monthly_abs_sum,d_wx_shadow_rate,baseline_2005q1_2022q2,1.4169687741474957,0.020710779789515042,-0.10095834440764084,negative,0.23810361678625183,69,-1.1903649751851302,monthly_bridge_quarterly,weighted_composite_monthly_abs_sum,weak_instrument_warning_below_rule_of_thumb_10
target,quarterly_sum,d_wx_shadow_rate,baseline_2005q1_2022q2,1.3848870823952708,0.020251361689413255,-0.032477793282679086,negative,0.24343442389842432,69,-1.1768122545229,direct_quarterly,target_factor_quarterly_sum,weak_instrument_warning_below_rule_of_thumb_10
target,quarterly_signed_cumulative,d_wx_shadow_rate,baseline_2005q1_2022q2,1.3848870823952708,0.020251361689413255,-0.032477793282679086,negative,0.24343442389842432,69,-1.1768122545229,direct_quarterly,target_factor_quarterly_signed_cumulative,weak_instrument_warning_below_rule_of_thumb_10
target,monthly_sum,d_wx_shadow_rate,baseline_2005q1_2022q2,1.3848870823952708,0.020251361689413255,-0.032477793282679086,negative,0.24343442389842432,69,-1.1768122545229,monthly_bridge_quarterly,target_factor_monthly_sum,weak_instrument_warning_below_rule_of_thumb_10
timing,quarterly_sum,d_ln_ecb_assets_ea_stock,robustness_2005q1_2025q4,1.2602083321678257,0.015319780459090106,-0.0027431748775328378,negative,0.264928199057342,83,-1.1225900107197755,direct_quarterly,timing_factor_quarterly_sum,weak_instrument_warning_below_rule_of_thumb_10
timing,quarterly_signed_cumulative,d_ln_ecb_assets_ea_stock,robustness_2005q1_2025q4,1.2602083321678257,0.015319780459090106,-0.0027431748775328378,negative,0.264928199057342,83,-1.1225900107197755,direct_quarterly,timing_factor_quarterly_signed_cumulative,weak_instrument_warning_below_rule_of_thumb_10
timing,monthly_sum,d_ln_ecb_assets_ea_stock,robustness_2005q1_2025q4,1.2389554630838466,0.015250755699915984,-0.0027378732172688323,negative,0.2690058403326369,82,-1.1130837628336183,monthly_bridge_quarterly,timing_factor_monthly_sum,weak_instrument_warning_below_rule_of_thumb_10
target,quarterly_mean,d_ln_ecb_assets_ea_stock,robustness_2005q1_2025q4,1.230602423265267,0.014965260949092795,0.004920788787784721,positive,0.2705726158979135,83,1.109325210776924,direct_quarterly,target_factor_quarterly_mean,weak_instrument_warning_below_rule_of_thumb_10
target,monthly_mean,d_ln_ecb_assets_ea_stock,robustness_2005q1_2025q4,1.2193713769262928,0.01501330724744695,0.004923995694427542,positive,0.272794352808193,82,1.104251500757999,monthly_bridge_quarterly,target_factor_monthly_mean,weak_instrument_warning_below_rule_of_thumb_10
composite,equal_weight_timing_fg_qe,d_ln_nfc_loans_ea_stock,robustness_2005q1_2025q4,1.2127036680313508,0.014750806310033983,-0.0031656308604391696,negative,0.2740590121238107,83,-1.1012282542830758,composite_quarterly,composite_equal_weight_timing_fg_qe,weak_instrument_warning_below_rule_of_thumb_10
weighted_composite,monthly_mean,d_ln_hh_loans_ea_stock,robustness_2005q1_2025q4,1.1934420404220973,0.014698749189964666,-0.002448199982268324,negative,0.27791528982459746,82,-1.0924477289198313,monthly_bridge_quarterly,weighted_composite_monthly_mean,weak_instrument_warning_below_rule_of_thumb_10
composite,equal_weight_timing_fg_qe,d_dfr_eop,robustness_2005q1_2025q4,1.1789016150994942,0.014345550888731807,-0.07848235914273369,negative,0.2808005387344125,83,-1.0857723587840566,composite_quarterly,composite_equal_weight_timing_fg_qe,weak_instrument_warning_below_rule_of_thumb_10
timing,quarterly_sum,d_ln_hh_loans_ea_stock,robustness_2005q1_2025q4,1.174105377880323,0.01428802142087414,-0.00025599094198103137,negative,0.28177419576937207,83,-1.083561432444106,direct_quarterly,timing_factor_quarterly_sum,weak_instrument_warning_below_rule_of_thumb_10
timing,quarterly_signed_cumulative,d_ln_hh_loans_ea_stock,robustness_2005q1_2025q4,1.174105377880323,0.01428802142087414,-0.00025599094198103137,negative,0.28177419576937207,83,-1.083561432444106,direct_quarterly,timing_factor_quarterly_signed_cumulative,weak_instrument_warning_below_rule_of_thumb_10
timing,monthly_abs_sum,d_ln_nfc_loans_ea_stock,robustness_2005q1_2025q4,1.1722633831653946,0.014441674216127801,0.0005288064285338471,positive,0.2821893030173455,82,1.0827111263700002,monthly_bridge_quarterly,timing_factor_monthly_abs_sum,weak_instrument_warning_below_rule_of_thumb_10
timing,monthly_sum,d_ln_hh_loans_ea_stock,robustness_2005q1_2025q4,1.159859191266979,0.01429104489367797,-0.00025611901551961984,negative,0.2847316951021574,82,-1.0769675906298104,monthly_bridge_quarterly,timing_factor_monthly_sum,weak_instrument_warning_below_rule_of_thumb_10
timing,quarterly_abs_sum,d_ln_nfc_loans_ea_stock,robustness_2005q1_2025q4,1.1284267224349442,0.013739782526805583,0.0005144852054249374,positive,0.2912680727484719,83,1.062274316000789,direct_quarterly,timing_factor_quarterly_abs_sum,weak_instrument_warning_below_rule_of_thumb_10
timing,quarterly_mean,d_ln_hh_loans_ea_stock,robustness_2005q1_2025q4,1.112157044895501,0.013544365230685878,-0.0006880314869144011,negative,0.2947490819563742,83,-1.0545885666436465,direct_quarterly,timing_factor_quarterly_mean,weak_instrument_warning_below_rule_of_thumb_10
timing,qe_event_weighted,d_ln_ecb_assets_ea_stock,robustness_2005q1_2025q4,1.0806266889802387,0.013165429317138959,-0.0018821517070333868,negative,0.3016505036224447,83,-1.03953195669024,weighted_event_quarterly,timing_factor_qe_event_weighted_quarterly_sum,weak_instrument_warning_below_rule_of_thumb_10
target,monthly_mean,d_ln_house_price_de_real,robustness_2005q1_2025q4,1.0054679401769984,0.012412346545785553,-0.001007044915590307,negative,0.31901440015396215,82,-1.0027302429751475,monthly_bridge_quarterly,target_factor_monthly_mean,weak_instrument_warning_below_rule_of_thumb_10
target,quarterly_mean,d_ln_house_price_de_real,robustness_2005q1_2025q4,1.0006012946874914,0.012202365335000496,-0.0009997132777215167,negative,0.32014400307867724,83,-1.0003006021629155,direct_quarterly,target_factor_quarterly_mean,weak_instrument_warning_below_rule_of_thumb_10
timing,qe_event_weighted,d_ln_hh_loans_ea_stock,robustness_2005q1_2025q4,0.9934314030201598,0.012115987659269589,-0.00017447284882814057,negative,0.32187341430973754,83,-0.9967102904155047,weighted_event_quarterly,timing_factor_qe_event_weighted_quarterly_sum,weak_instrument_warning_below_rule_of_thumb_10
target,crisis_weighted,d_wx_shadow_rate,baseline_2005q1_2022q2,0.9851675060400416,0.01449091827202626,-0.019628875318755856,negative,0.3244975317498496,69,-0.9925560468004019,weighted_event_quarterly,target_factor_crisis_weighted_quarterly_sum,weak_instrument_warning_below_rule_of_thumb_10
target,market_magnitude_weighted,d_wx_shadow_rate,baseline_2005q1_2022q2,0.9723053229529179,0.014304433523819141,0.0037175532524590547,positive,0.32765351284825367,69,0.9860554360445045,weighted_event_quarterly,target_factor_market_magnitude_weighted_quarterly_sum,weak_instrument_warning_below_rule_of_thumb_10
target,crisis_weighted,d_ln_house_price_de_real,robustness_2005q1_2025q4,0.9440602487737644,0.011520789254372974,-0.000311565275716752,negative,0.33412841280629096,83,-0.9716276286591301,weighted_event_quarterly,target_factor_crisis_weighted_quarterly_sum,weak_instrument_warning_below_rule_of_thumb_10
timing,monthly_mean,d_ln_hh_loans_ea_stock,robustness_2005q1_2025q4,0.936026537758729,0.011565017184554379,-0.0006336446596097482,negative,0.33621761722663723,82,-0.9674846447146999,monthly_bridge_quarterly,timing_factor_monthly_mean,weak_instrument_warning_below_rule_of_thumb_10
qe,crisis_weighted,d_ln_house_price_de_real,robustness_2005q1_2025q4,0.9098494340997043,0.0193957014374537,0.0005473091966205412,positive,0.3451401787452427,48,0.9538602801771884,weighted_event_quarterly,qe_factor_crisis_weighted_quarterly_sum,weak_instrument_warning_below_rule_of_thumb_10
weighted_composite,monthly_abs_sum,d_ln_nfc_loans_ea_stock,robustness_2005q1_2025q4,0.9068705727080798,0.01120882029287127,0.0018094949080804067,positive,0.34381453476252843,82,0.952297523207994,monthly_bridge_quarterly,weighted_composite_monthly_abs_sum,weak_instrument_warning_below_rule_of_thumb_10
timing,crisis_weighted,d_ln_hh_loans_ea_stock,robustness_2005q1_2025q4,0.8675612508712044,0.010597130751369147,-0.00016307627602842826,negative,0.35439925565074115,83,-0.9314296811199461,weighted_event_quarterly,timing_factor_crisis_weighted_quarterly_sum,weak_instrument_warning_below_rule_of_thumb_10
weighted_composite,monthly_sum,d_ln_nfc_loans_ea_stock,robustness_2005q1_2025q4,0.861847475449669,0.010658270894828778,-0.0016696770680540176,negative,0.35601481040201666,82,-0.9283574071712193,monthly_bridge_quarterly,weighted_composite_monthly_sum,weak_instrument_warning_below_rule_of_thumb_10
fg,market_magnitude_weighted,d_ln_nfc_loans_ea_stock,robustness_2005q1_2025q4,0.8467790868505964,0.010345906049058428,-3.0013079855367916e-05,negative,0.36019756598028535,83,-0.9202060023987001,weighted_event_quarterly,fg_factor_market_magnitude_weighted_quarterly_sum,weak_instrument_warning_below_rule_of_thumb_10
target,qe_event_weighted,d_ln_hh_loans_ea_stock,robustness_2005q1_2025q4,0.8458283784947773,0.01033441038171496,-8.523948899724014e-05,negative,0.3604659630452203,83,-0.9196892836685536,weighted_event_quarterly,target_factor_qe_event_weighted_quarterly_sum,weak_instrument_warning_below_rule_of_thumb_10
target,crisis_weighted,d_ln_hh_loans_ea_stock,robustness_2005q1_2025q4,0.8369292260929128,0.010226791669818252,-0.0001260747438870944,negative,0.36299188905688373,83,-0.9148383606369558,weighted_event_quarterly,target_factor_crisis_weighted_quarterly_sum,weak_instrument_warning_below_rule_of_thumb_10
fg,qe_event_weighted,d_ln_nfc_loans_ea_stock,robustness_2005q1_2025q4,0.8251980876647569,0.01008488958108806,-0.00017283251214120235,negative,0.3663596191089622,83,-0.9084041433551241,weighted_event_quarterly,fg_factor_qe_event_weighted_quarterly_sum,weak_instrument_warning_below_rule_of_thumb_10
fg,crisis_weighted,d_ln_nfc_loans_ea_stock,robustness_2005q1_2025q4,0.797046542822575,0.009744197089136996,-0.0001540554639429596,negative,0.37462260565902933,83,-0.8927746315966729,weighted_event_quarterly,fg_factor_crisis_weighted_quarterly_sum,weak_instrument_warning_below_rule_of_thumb_10
composite,pca_timing_fg_qe,d_ln_ecb_assets_ea_stock,robustness_2005q1_2025q4,0.7885811668567484,0.009641702492038166,-0.006426264879866345,negative,0.37715888848084356,83,-0.8880209270376168,composite_quarterly,composite_pca_timing_fg_qe,weak_instrument_warning_below_rule_of_thumb_10
fg,quarterly_abs_sum,d_dfr_eop,robustness_2005q1_2025q4,0.776573860406528,0.009496287552131345,0.005937059985436652,positive,0.3807984608356647,83,0.8812342823599908,direct_quarterly,fg_factor_quarterly_abs_sum,weak_instrument_warning_below_rule_of_thumb_10
fg,monthly_abs_sum,d_dfr_eop,robustness_2005q1_2025q4,0.7676463837039353,0.009504379761879744,0.0059617196889586895,positive,0.3835693909419351,82,0.8761543150061725,monthly_bridge_quarterly,fg_factor_monthly_abs_sum,weak_instrument_warning_below_rule_of_thumb_10
composite,inverse_variance_timing_fg_qe,d_ln_hh_loans_ea_stock,robustness_2005q1_2025q4,0.7647688761981029,0.009353281207900884,-0.0010388294713669646,negative,0.3844258289286013,83,-0.8745106495624297,composite_quarterly,composite_inverse_variance_timing_fg_qe,weak_instrument_warning_below_rule_of_thumb_10
weighted_composite,monthly_mean,d_ln_nfc_loans_ea_stock,robustness_2005q1_2025q4,0.6992017401428541,0.008664295619606414,-0.003911893937958904,negative,0.40554272142593023,82,-0.8361828389430472,monthly_bridge_quarterly,weighted_composite_monthly_mean,weak_instrument_warning_below_rule_of_thumb_10
target,qe_event_weighted,d_ln_house_price_de_real,robustness_2005q1_2025q4,0.6990411469467923,0.008556295608041128,-0.0001805886364552608,negative,0.4055657584687628,83,-0.8360868058681421,weighted_event_quarterly,target_factor_qe_event_weighted_quarterly_sum,weak_instrument_warning_below_rule_of_thumb_10
composite,inverse_variance_timing_fg_qe,d_ln_ecb_assets_ea_stock,robustness_2005q1_2025q4,0.6786738509040505,0.008309070396305641,-0.010132746022195086,negative,0.4124628772788326,83,-0.8238166367002129,composite_quarterly,composite_inverse_variance_timing_fg_qe,weak_instrument_warning_below_rule_of_thumb_10
target,quarterly_sum,d_ln_house_price_de_real,robustness_2005q1_2025q4,0.6728273494030037,0.008238080782052438,-0.0003835519255923671,negative,0.4144749396158255,83,-0.8202605375141508,direct_quarterly,target_factor_quarterly_sum,weak_instrument_warning_below_rule_of_thumb_10
target,quarterly_signed_cumulative,d_ln_house_price_de_real,robustness_2005q1_2025q4,0.6728273494030037,0.008238080782052438,-0.0003835519255923671,negative,0.4144749396158255,83,-0.8202605375141508,direct_quarterly,target_factor_quarterly_signed_cumulative,weak_instrument_warning_below_rule_of_thumb_10
fg,monthly_abs_sum,d_ln_nfc_loans_ea_stock,robustness_2005q1_2025q4,0.6693335740182498,0.008297249330863777,0.00022145829379369828,positive,0.41571424342568175,82,0.8181280914491629,monthly_bridge_quarterly,fg_factor_monthly_abs_sum,weak_instrument_warning_below_rule_of_thumb_10
target,monthly_sum,d_ln_house_price_de_real,robustness_2005q1_2025q4,0.667859083959914,0.00827912246022049,-0.00038438398455099864,negative,0.4162261905540143,82,-0.817226458186416,monthly_bridge_quarterly,target_factor_monthly_sum,weak_instrument_warning_below_rule_of_thumb_10
weighted_composite,monthly_mean,d_ecb_assets_ea_qavg,robustness_2005q1_2025q4,0.6673377196341093,0.008272712828995247,-62655.62933964313,negative,0.41640743571483374,82,-0.8169074119103763,monthly_bridge_quarterly,weighted_composite_monthly_mean,weak_instrument_warning_below_rule_of_thumb_10
qe,monthly_sum,d_ln_house_price_de_real,robustness_2005q1_2025q4,0.6654931816921072,0.00825003549154706,0.00047311076550598255,positive,0.41704961442709787,82,0.8157776545677794,monthly_bridge_quarterly,qe_factor_monthly_sum,weak_instrument_warning_below_rule_of_thumb_10
fg,quarterly_abs_sum,d_ln_nfc_loans_ea_stock,robustness_2005q1_2025q4,0.6309924791123456,0.007729815110036831,0.0002130678964807558,positive,0.4293126991003618,83,0.7943503503570358,direct_quarterly,fg_factor_quarterly_abs_sum,weak_instrument_warning_below_rule_of_thumb_10
target,qe_event_weighted,d_ln_nfc_loans_ea_stock,robustness_2005q1_2025q4,0.6040743989145464,0.007402502918684921,0.00015021989560396642,positive,0.4392916997509113,83,0.7772222326429851,weighted_event_quarterly,target_factor_qe_event_weighted_quarterly_sum,weak_instrument_warning_below_rule_of_thumb_10
composite,inverse_variance_timing_fg_qe,d_dfr_eop,robustness_2005q1_2025q4,0.5835444521515495,0.0071527224769425924,-0.04755532710043018,negative,0.4471458424592755,83,-0.763900813032392,composite_quarterly,composite_inverse_variance_timing_fg_qe,weak_instrument_warning_below_rule_of_thumb_10
fg,quarterly_mean,d_ln_nfc_loans_ea_stock,robustness_2005q1_2025q4,0.582693016501802,0.007142360652202792,-0.0005265130763298572,negative,0.4474763005558662,83,-0.7633433149650307,direct_quarterly,fg_factor_quarterly_mean,weak_instrument_warning_below_rule_of_thumb_10
qe,quarterly_mean,d_ln_house_price_de_real,robustness_2005q1_2025q4,0.5676673391715447,0.012190160504218284,0.0010919999864708032,positive,0.45502654009279786,48,0.7534370173886764,direct_quarterly,qe_factor_quarterly_mean,weak_instrument_warning_below_rule_of_thumb_10
qe,market_magnitude_weighted,d_ln_hh_loans_ea_stock,robustness_2005q1_2025q4,0.5631198304093474,0.01209368771809801,3.4875314955629266e-05,positive,0.45682736455929984,48,0.7504131065015772,weighted_event_quarterly,qe_factor_market_magnitude_weighted_quarterly_sum,weak_instrument_warning_below_rule_of_thumb_10
composite,pca_timing_fg_qe,d_ln_hh_loans_ea_stock,robustness_2005q1_2025q4,0.558338608192497,0.006845880111349058,-0.0005232481867063727,negative,0.45709407566272076,83,-0.747220588710253,composite_quarterly,composite_pca_timing_fg_qe,weak_instrument_warning_below_rule_of_thumb_10
qe,quarterly_abs_sum,d_dfr_eop,robustness_2005q1_2025q4,0.551035626123063,0.011837236673932086,0.013223520998980318,positive,0.4616686912515713,48,0.7423177393293676,direct_quarterly,qe_factor_quarterly_abs_sum,weak_instrument_warning_below_rule_of_thumb_10
qe,monthly_abs_sum,d_dfr_eop,robustness_2005q1_2025q4,0.5248805829046403,0.011529532338888591,0.013165036372469411,positive,0.4725173694062551,47,0.7244864269982153,monthly_bridge_quarterly,qe_factor_monthly_abs_sum,weak_instrument_warning_below_rule_of_thumb_10
qe,monthly_mean,d_ln_house_price_de_real,robustness_2005q1_2025q4,0.5113148065002205,0.011234894194425497,0.0010540823027853639,positive,0.4782638668273821,47,0.7150627989905646,monthly_bridge_quarterly,qe_factor_monthly_mean,weak_instrument_warning_below_rule_of_thumb_10
fg,quarterly_sum,d_ln_nfc_loans_ea_stock,robustness_2005q1_2025q4,0.49178062162752373,0.0060347266666180505,-0.00017769343931593046,negative,0.4851439705343202,83,-0.7012707192144298,direct_quarterly,fg_factor_quarterly_sum,weak_instrument_warning_below_rule_of_thumb_10
fg,quarterly_signed_cumulative,d_ln_nfc_loans_ea_stock,robustness_2005q1_2025q4,0.49178062162752373,0.0060347266666180505,-0.00017769343931593046,negative,0.4851439705343202,83,-0.7012707192144298,direct_quarterly,fg_factor_quarterly_signed_cumulative,weak_instrument_warning_below_rule_of_thumb_10
timing,market_magnitude_weighted,d_ln_house_price_de_real,robustness_2005q1_2025q4,0.47966798685402884,0.005886965407510236,-5.766020460226966e-05,negative,0.4905536097734265,83,-0.6925806717300367,weighted_event_quarterly,timing_factor_market_magnitude_weighted_quarterly_sum,weak_instrument_warning_below_rule_of_thumb_10
fg,monthly_sum,d_ln_nfc_loans_ea_stock,robustness_2005q1_2025q4,0.4786761289575462,0.005947862862337899,-0.00017634984836726274,negative,0.49102573568984065,82,-0.6918642417104285,monthly_bridge_quarterly,fg_factor_monthly_sum,weak_instrument_warning_below_rule_of_thumb_10
timing,quarterly_abs_sum,d_ecb_assets_ea_qavg,robustness_2005q1_2025q4,0.4754325354369882,0.005835287038583111,-5492.918597737626,negative,0.49246914717978696,83,-0.6895161603885642,direct_quarterly,timing_factor_quarterly_abs_sum,weak_instrument_warning_below_rule_of_thumb_10
fg,quarterly_mean,d_ln_house_price_de_real,robustness_2005q1_2025q4,0.4718004982467906,0.005790966878864342,-0.0005301187687567835,negative,0.49412185721037155,83,-0.6868773531328505,direct_quarterly,fg_factor_quarterly_mean,weak_instrument_warning_below_rule_of_thumb_10
timing,monthly_abs_sum,d_ecb_assets_ea_qavg,robustness_2005q1_2025q4,0.4715953256037021,0.0058603948846240195,-5521.627134062531,negative,0.4942399566748123,82,-0.6867279851613025,monthly_bridge_quarterly,timing_factor_monthly_abs_sum,weak_instrument_warning_below_rule_of_thumb_10
composite,inverse_variance_timing_fg_qe,d_ln_nfc_loans_ea_stock,robustness_2005q1_2025q4,0.4705157704383902,0.0057752889617659325,-0.0016997666418370027,negative,0.4947087028590053,83,-0.6859415211505936,composite_quarterly,composite_inverse_variance_timing_fg_qe,weak_instrument_warning_below_rule_of_thumb_10
fg,monthly_mean,d_ln_house_price_de_real,robustness_2005q1_2025q4,0.47002712036439076,0.005841021025895018,-0.0005301635533256057,negative,0.49495663247987576,82,-0.6855852393133846,monthly_bridge_quarterly,fg_factor_monthly_mean,weak_instrument_warning_below_rule_of_thumb_10
fg,monthly_mean,d_ln_nfc_loans_ea_stock,robustness_2005q1_2025q4,0.4642756687575254,0.005769960207791857,-0.00047115672732134624,negative,0.49760022494214373,82,-0.6813777724269595,monthly_bridge_quarterly,fg_factor_monthly_mean,weak_instrument_warning_below_rule_of_thumb_10
qe,quarterly_sum,d_ln_house_price_de_real,robustness_2005q1_2025q4,0.4566523391567578,0.009829643682092453,0.0004805160670810791,positive,0.5025759885956962,48,0.6757605634814433,direct_quarterly,qe_factor_quarterly_sum,weak_instrument_warning_below_rule_of_thumb_10
qe,quarterly_signed_cumulative,d_ln_house_price_de_real,robustness_2005q1_2025q4,0.4566523391567578,0.009829643682092453,0.0004805160670810791,positive,0.5025759885956962,48,0.6757605634814433,direct_quarterly,qe_factor_quarterly_signed_cumulative,weak_instrument_warning_below_rule_of_thumb_10
target,quarterly_abs_sum,d_ln_ecb_assets_ea_stock,robustness_2005q1_2025q4,0.45450918475597046,0.005579914351028105,0.001233376057931559,positive,0.5021208685609276,83,0.6741729635308512,direct_quarterly,target_factor_quarterly_abs_sum,weak_instrument_warning_below_rule_of_thumb_10
target,monthly_abs_sum,d_ln_ecb_assets_ea_stock,robustness_2005q1_2025q4,0.44936866738974046,0.005585732676754898,0.0012362253481314578,positive,0.5045654891928608,82,0.6703496605427204,monthly_bridge_quarterly,target_factor_monthly_abs_sum,weak_instrument_warning_below_rule_of_thumb_10
qe,qe_event_weighted,d_ln_house_price_de_real,robustness_2005q1_2025q4,0.43216645493165456,0.009307479877147824,0.00012159061871570183,positive,0.5142039528823792,48,0.657393683367626,weighted_event_quarterly,qe_factor_qe_event_weighted_quarterly_sum,weak_instrument_warning_below_rule_of_thumb_10
target,market_magnitude_weighted,d_ln_nfc_loans_ea_stock,robustness_2005q1_2025q4,0.42225458407976496,0.005185984915754557,2.2779426946356493e-05,positive,0.5176528290190757,83,0.6498111911007419,weighted_event_quarterly,target_factor_market_magnitude_weighted_quarterly_sum,weak_instrument_warning_below_rule_of_thumb_10
target,qe_event_weighted,d_ln_ecb_assets_ea_stock,robustness_2005q1_2025q4,0.411741033837068,0.005057514169435788,0.000617099524362456,positive,0.5228988628068851,83,0.6416705025455572,weighted_event_quarterly,target_factor_qe_event_weighted_quarterly_sum,weak_instrument_warning_below_rule_of_thumb_10
qe,qe_event_weighted,d_ln_hh_loans_ea_stock,robustness_2005q1_2025q4,0.40676638321040187,0.008765238669108536,2.2483743459550913e-05,positive,0.5267775329627666,48,0.6377823948733626,weighted_event_quarterly,qe_factor_qe_event_weighted_quarterly_sum,weak_instrument_warning_below_rule_of_thumb_10
qe,market_magnitude_weighted,d_ln_house_price_de_real,robustness_2005q1_2025q4,0.4044096877712707,0.008714897797263496,0.00015537000495125045,positive,0.5279721230812028,48,0.6359321408540936,weighted_event_quarterly,qe_factor_market_magnitude_weighted_quarterly_sum,weak_instrument_warning_below_rule_of_thumb_10
composite,equal_weight_timing_fg_qe,d_ln_hh_loans_ea_stock,robustness_2005q1_2025q4,0.3454242511490183,0.00424638821825481,-0.0008156842235086632,negative,0.5583498254297923,83,-0.5877280418263351,composite_quarterly,composite_equal_weight_timing_fg_qe,weak_instrument_warning_below_rule_of_thumb_10
timing,monthly_mean,d_dfr_eop,robustness_2005q1_2025q4,0.3431335699019345,0.004270851218460302,0.020157115363698245,positive,0.5596749824182623,82,0.5857760407373577,monthly_bridge_quarterly,timing_factor_monthly_mean,weak_instrument_warning_below_rule_of_thumb_10
weighted_composite,monthly_mean,d_ln_house_price_de_real,robustness_2005q1_2025q4,0.338098186260861,0.004208441497793401,-0.0030490713263142274,negative,0.5625638487327546,82,-0.5814621107697913,monthly_bridge_quarterly,weighted_composite_monthly_mean,weak_instrument_warning_below_rule_of_thumb_10
composite,pca_timing_fg_qe,d_ecb_assets_ea_qavg,robustness_2005q1_2025q4,0.32653535037190295,0.004015114488341593,-13670.08831380939,negative,0.5692886089534512,83,-0.5714327172746613,composite_quarterly,composite_pca_timing_fg_qe,weak_instrument_warning_below_rule_of_thumb_10
target,crisis_weighted,d_ln_nfc_loans_ea_stock,robustness_2005q1_2025q4,0.32170616871058977,0.0039559692469213065,0.00016327700290145843,positive,0.5721526874523842,83,0.5671914744692393,weighted_event_quarterly,target_factor_crisis_weighted_quarterly_sum,weak_instrument_warning_below_rule_of_thumb_10
qe,monthly_abs_sum,d_ln_hh_loans_ea_stock,robustness_2005q1_2025q4,0.3134532166807147,0.006917442711369585,0.00011158895181396295,positive,0.5783453212277556,47,0.5598689281257844,monthly_bridge_quarterly,qe_factor_monthly_abs_sum,weak_instrument_warning_below_rule_of_thumb_10
timing,quarterly_mean,d_dfr_eop,robustness_2005q1_2025q4,0.3119004427892996,0.0038358523302348766,0.0191673090335027,positive,0.5780569326550022,83,0.5584804766411263,direct_quarterly,timing_factor_quarterly_mean,weak_instrument_warning_below_rule_of_thumb_10
qe,market_magnitude_weighted,d_ln_ecb_assets_ea_stock,robustness_2005q1_2025q4,0.3116150580287782,0.006728658839436335,0.00037048769137451446,positive,0.5793978853839175,48,0.5582249170619117,weighted_event_quarterly,qe_factor_market_magnitude_weighted_quarterly_sum,weak_instrument_warning_below_rule_of_thumb_10
weighted_composite,monthly_abs_sum,d_ln_ecb_assets_ea_stock,robustness_2005q1_2025q4,0.2891462148569581,0.0036013113663357593,0.005099784533318686,positive,0.5922609173351672,82,0.5377231767898405,monthly_bridge_quarterly,weighted_composite_monthly_abs_sum,weak_instrument_warning_below_rule_of_thumb_10
timing,quarterly_mean,d_ln_house_price_de_real,robustness_2005q1_2025q4,0.2778306052565448,0.0034182827369727614,-0.0008047899034559687,negative,0.599567336744934,83,-0.5270963908589631,direct_quarterly,timing_factor_quarterly_mean,weak_instrument_warning_below_rule_of_thumb_10
fg,qe_event_weighted,d_wx_shadow_rate,baseline_2005q1_2022q2,0.27134389275712895,0.004033573243158349,-0.00484232170287142,negative,0.6041490984529406,69,-0.5209067985322604,weighted_event_quarterly,fg_factor_qe_event_weighted_quarterly_sum,weak_instrument_warning_below_rule_of_thumb_10
qe,qe_event_weighted,d_ln_ecb_assets_ea_stock,robustness_2005q1_2025q4,0.2592425228537105,0.005604123818621447,0.0002560420971281323,positive,0.6130748585893538,48,0.5091586421280803,weighted_event_quarterly,qe_factor_qe_event_weighted_quarterly_sum,weak_instrument_warning_below_rule_of_thumb_10
timing,crisis_weighted,d_ln_house_price_de_real,robustness_2005q1_2025q4,0.25765461243695675,0.0031708349652208793,-0.00020769832836495068,negative,0.6131154396980876,83,-0.5075968995541214,weighted_event_quarterly,timing_factor_crisis_weighted_quarterly_sum,weak_instrument_warning_below_rule_of_thumb_10
weighted_composite,monthly_sum,d_ecb_assets_ea_qavg,robustness_2005q1_2025q4,0.25330922986203835,0.0031563711489641932,-14893.57029118604,negative,0.6161375086208488,82,-0.5032983507444052,monthly_bridge_quarterly,weighted_composite_monthly_sum,weak_instrument_warning_below_rule_of_thumb_10
qe,quarterly_abs_sum,d_ln_hh_loans_ea_stock,robustness_2005q1_2025q4,0.2525031330536562,0.005459231737735046,9.845013714618131e-05,positive,0.61771527627466,48,0.5024968985512808,direct_quarterly,qe_factor_quarterly_abs_sum,weak_instrument_warning_below_rule_of_thumb_10
fg,qe_event_weighted,d_dfr_eop,robustness_2005q1_2025q4,0.2509492648004245,0.0030885702514387835,-0.0024045269776966477,negative,0.6177660749283075,83,-0.500948365403486,weighted_event_quarterly,fg_factor_qe_event_weighted_quarterly_sum,weak_instrument_warning_below_rule_of_thumb_10
timing,monthly_mean,d_ln_house_price_de_real,robustness_2005q1_2025q4,0.24995925606853636,0.003114758666368224,-0.0007653940382333068,negative,0.6184762083275196,82,-0.4999592544083331,monthly_bridge_quarterly,timing_factor_monthly_mean,weak_instrument_warning_below_rule_of_thumb_10
target,quarterly_abs_sum,d_dfr_eop,robustness_2005q1_2025q4,0.23753911731642502,0.0029240068064271493,0.004516307301173319,positive,0.6273056421606578,83,0.4873798491078853,direct_quarterly,target_factor_quarterly_abs_sum,weak_instrument_warning_below_rule_of_thumb_10
timing,crisis_weighted,d_ecb_assets_ea_qavg,robustness_2005q1_2025q4,0.23684747536703515,0.0029155178066068237,-2917.989698549776,negative,0.6278066383145805,83,-0.4866697806182701,weighted_event_quarterly,timing_factor_crisis_weighted_quarterly_sum,weak_instrument_warning_below_rule_of_thumb_10
timing,quarterly_sum,d_ln_house_price_de_real,robustness_2005q1_2025q4,0.22891413180840595,0.002818136057278224,-0.0002647092230462443,negative,0.6336190629257528,83,-0.4784497171160267,direct_quarterly,timing_factor_quarterly_sum,weak_instrument_warning_below_rule_of_thumb_10
timing,quarterly_signed_cumulative,d_ln_house_price_de_real,robustness_2005q1_2025q4,0.22891413180840595,0.002818136057278224,-0.0002647092230462443,negative,0.6336190629257528,83,-0.4784497171160267,direct_quarterly,timing_factor_quarterly_signed_cumulative,weak_instrument_warning_below_rule_of_thumb_10
qe,monthly_mean,d_ln_hh_loans_ea_stock,robustness_2005q1_2025q4,0.22824439756956838,0.005046501375627871,0.0001344861479321938,positive,0.6351412244645459,47,0.47774930410160554,monthly_bridge_quarterly,qe_factor_monthly_mean,weak_instrument_warning_below_rule_of_thumb_10
fg,crisis_weighted,d_ecb_assets_ea_qavg,robustness_2005q1_2025q4,0.22811942616667977,0.0028083800016327075,1354.943238710063,positive,0.634208114676529,83,0.4776184943725272,weighted_event_quarterly,fg_factor_crisis_weighted_quarterly_sum,weak_instrument_warning_below_rule_of_thumb_10
timing,monthly_mean,d_ecb_assets_ea_qavg,robustness_2005q1_2025q4,0.22763979004921867,0.0028374234945081015,-10706.909686262981,negative,0.6345802705982345,82,-0.47711611799353276,monthly_bridge_quarterly,timing_factor_monthly_mean,weak_instrument_warning_below_rule_of_thumb_10
timing,quarterly_mean,d_ecb_assets_ea_qavg,robustness_2005q1_2025q4,0.22481212465177253,0.002767776480747832,-10610.204610277879,negative,0.6366731974281141,83,-0.4741435696619459,direct_quarterly,timing_factor_quarterly_mean,weak_instrument_warning_below_rule_of_thumb_10
qe,market_magnitude_weighted,d_wx_shadow_rate,baseline_2005q1_2022q2,0.22108486418050952,0.006861496598033073,0.004281605601144762,positive,0.6414034633060216,34,0.4701966228935609,weighted_event_quarterly,qe_factor_market_magnitude_weighted_quarterly_sum,weak_instrument_warning_below_rule_of_thumb_10
timing,monthly_sum,d_ln_house_price_de_real,robustness_2005q1_2025q4,0.22015737046576841,0.002744414592071376,-0.00026123714443992486,negative,0.6401962963267109,82,-0.4692093034731605,monthly_bridge_quarterly,timing_factor_monthly_sum,weak_instrument_warning_below_rule_of_thumb_10
target,monthly_abs_sum,d_dfr_eop,robustness_2005q1_2025q4,0.218440999487844,0.0027230770975621263,0.004366447498636107,positive,0.6415009554376689,82,0.4673767211659605,monthly_bridge_quarterly,target_factor_monthly_abs_sum,weak_instrument_warning_below_rule_of_thumb_10
timing,market_magnitude_weighted,d_ln_hh_loans_ea_stock,robustness_2005q1_2025q4,0.21627030114373685,0.0026628937815270644,-1.66555054173182e-05,negative,0.6431443830818993,83,-0.4650487083561644,weighted_event_quarterly,timing_factor_market_magnitude_weighted_quarterly_sum,weak_instrument_warning_below_rule_of_thumb_10
fg,quarterly_sum,d_ecb_assets_ea_qavg,robustness_2005q1_2025q4,0.213381855247097,0.002627422357899392,1920.8640415468442,positive,0.6453678515809753,83,0.4619327388777472,direct_quarterly,fg_factor_quarterly_sum,weak_instrument_warning_below_rule_of_thumb_10
fg,quarterly_signed_cumulative,d_ecb_assets_ea_qavg,robustness_2005q1_2025q4,0.213381855247097,0.002627422357899392,1920.8640415468442,positive,0.6453678515809753,83,0.4619327388777472,direct_quarterly,fg_factor_quarterly_signed_cumulative,weak_instrument_warning_below_rule_of_thumb_10
fg,monthly_sum,d_ecb_assets_ea_qavg,robustness_2005q1_2025q4,0.21096553742148522,0.0026301333740093393,1922.2027088065122,positive,0.6472573290369601,82,0.4593098490360132,monthly_bridge_quarterly,fg_factor_monthly_sum,weak_instrument_warning_below_rule_of_thumb_10
timing,qe_event_weighted,d_ln_nfc_loans_ea_stock,robustness_2005q1_2025q4,0.20703485332749577,0.0025494694357629587,-0.0001666531483288584,negative,0.6503186791864785,83,-0.4550108277035787,weighted_event_quarterly,timing_factor_qe_event_weighted_quarterly_sum,weak_instrument_warning_below_rule_of_thumb_10
timing,market_magnitude_weighted,d_ecb_assets_ea_qavg,robustness_2005q1_2025q4,0.2031879880062501,0.002502216883852652,-550.7729917694954,negative,0.6533641538636247,83,-0.45076378293541963,weighted_event_quarterly,timing_factor_market_magnitude_weighted_quarterly_sum,weak_instrument_warning_below_rule_of_thumb_10
timing,qe_event_weighted,d_ecb_assets_ea_qavg,robustness_2005q1_2025q4,0.19754276643973437,0.0024328663123212393,-2667.0848340213906,negative,0.6578968871863425,83,-0.44445783426522517,weighted_event_quarterly,timing_factor_qe_event_weighted_quarterly_sum,weak_instrument_warning_below_rule_of_thumb_10
composite,equal_weight_timing_fg_qe,d_ln_ecb_assets_ea_stock,robustness_2005q1_2025q4,0.19743386360636547,0.0024315283650221072,-0.006387641831324672,negative,0.6579850890027559,83,-0.44433530537913085,composite_quarterly,composite_equal_weight_timing_fg_qe,weak_instrument_warning_below_rule_of_thumb_10
fg,market_magnitude_weighted,d_ln_house_price_de_real,robustness_2005q1_2025q4,0.19018722045488445,0.0023424902314669017,-1.596888374928384e-05,negative,0.6639209736853906,83,-0.4361045980666616,weighted_event_quarterly,fg_factor_market_magnitude_weighted_quarterly_sum,weak_instrument_warning_below_rule_of_thumb_10
qe,quarterly_mean,d_ln_hh_loans_ea_stock,robustness_2005q1_2025q4,0.18480184727143392,0.0040013562877795885,0.00011921317802010672,positive,0.6692858562679941,48,0.4298858537698512,direct_quarterly,qe_factor_quarterly_mean,weak_instrument_warning_below_rule_of_thumb_10
timing,market_magnitude_weighted,d_ln_nfc_loans_ea_stock,robustness_2005q1_2025q4,0.17512620269926973,0.002157387501461579,3.121656768428077e-05,positive,0.6767030992142681,83,0.4184808271585088,weighted_event_quarterly,timing_factor_market_magnitude_weighted_quarterly_sum,weak_instrument_warning_below_rule_of_thumb_10
timing,quarterly_abs_sum,d_ln_hh_loans_ea_stock,robustness_2005q1_2025q4,0.17165414754451333,0.002114705550197365,9.693212583453512e-05,positive,0.6797410092070472,83,0.41431165509132534,direct_quarterly,timing_factor_quarterly_abs_sum,weak_instrument_warning_below_rule_of_thumb_10
timing,monthly_abs_sum,d_ln_hh_loans_ea_stock,robustness_2005q1_2025q4,0.16986399598344745,0.0021188010995248506,9.73238564006319e-05,positive,0.6813350081104994,82,0.4121456004659609,monthly_bridge_quarterly,timing_factor_monthly_abs_sum,weak_instrument_warning_below_rule_of_thumb_10
fg,market_magnitude_weighted,d_ln_ecb_assets_ea_stock,robustness_2005q1_2025q4,0.16786903986798174,0.002068171086092305,-6.669112217640804e-05,negative,0.6830941861879016,83,-0.4097182444900175,weighted_event_quarterly,fg_factor_market_magnitude_weighted_quarterly_sum,weak_instrument_warning_below_rule_of_thumb_10
timing,crisis_weighted,d_dfr_eop,robustness_2005q1_2025q4,0.1646630799582479,0.0020287533233031762,0.0037351881300558007,positive,0.6859690623591981,83,0.4057869884043202,weighted_event_quarterly,timing_factor_crisis_weighted_quarterly_sum,weak_instrument_warning_below_rule_of_thumb_10
qe,quarterly_mean,d_ln_ecb_assets_ea_stock,robustness_2005q1_2025q4,0.16239473295584908,0.0035179009645249985,0.0015919639348338395,positive,0.6888281421135747,48,0.402982298563906,direct_quarterly,qe_factor_quarterly_mean,weak_instrument_warning_below_rule_of_thumb_10
fg,quarterly_mean,d_ecb_assets_ea_qavg,robustness_2005q1_2025q4,0.1565714179871069,0.001929251263963638,4483.031187599314,positive,0.6933732360069993,83,0.39569106382013086,direct_quarterly,fg_factor_quarterly_mean,weak_instrument_warning_below_rule_of_thumb_10
timing,quarterly_sum,d_ecb_assets_ea_qavg,robustness_2005q1_2025q4,0.1526387349274258,0.0018808844334193087,-3168.4647104441506,negative,0.6970520038805561,83,-0.39069007528657007,direct_quarterly,timing_factor_quarterly_sum,weak_instrument_warning_below_rule_of_thumb_10
timing,quarterly_signed_cumulative,d_ecb_assets_ea_qavg,robustness_2005q1_2025q4,0.1526387349274258,0.0018808844334193087,-3168.4647104441506,negative,0.6970520038805561,83,-0.39069007528657007,direct_quarterly,timing_factor_quarterly_signed_cumulative,weak_instrument_warning_below_rule_of_thumb_10
qe,monthly_mean,d_ln_ecb_assets_ea_stock,robustness_2005q1_2025q4,0.15172712235470187,0.003360383578319012,0.001565901419423712,positive,0.698727697826211,47,0.389521658389751,monthly_bridge_quarterly,qe_factor_monthly_mean,weak_instrument_warning_below_rule_of_thumb_10
fg,crisis_weighted,d_ln_house_price_de_real,robustness_2005q1_2025q4,0.15172552463996467,0.0018696524769999682,-7.545601883864092e-05,negative,0.6979140622587282,83,-0.38951960751670084,weighted_event_quarterly,fg_factor_crisis_weighted_quarterly_sum,weak_instrument_warning_below_rule_of_thumb_10
timing,monthly_sum,d_ecb_assets_ea_qavg,robustness_2005q1_2025q4,0.1510499273190582,0.0018845657974041537,-3172.8161384897376,negative,0.6985664680157977,82,-0.3886514213521651,monthly_bridge_quarterly,timing_factor_monthly_sum,weak_instrument_warning_below_rule_of_thumb_10
fg,monthly_mean,d_ecb_assets_ea_qavg,robustness_2005q1_2025q4,0.14830104994057935,0.0018503330450906582,4373.404238643527,positive,0.7011862242804308,82,0.38509875349133416,monthly_bridge_quarterly,fg_factor_monthly_mean,weak_instrument_warning_below_rule_of_thumb_10
weighted_composite,monthly_mean,d_wx_shadow_rate,baseline_2005q1_2022q2,0.1454264511077439,0.002165842988779539,-0.08432042339002854,negative,0.7041515632093986,69,-0.3813482019201663,monthly_bridge_quarterly,weighted_composite_monthly_mean,weak_instrument_warning_below_rule_of_thumb_10
timing,monthly_abs_sum,d_ln_ecb_assets_ea_stock,robustness_2005q1_2025q4,0.14351450603359567,0.0017907188986925598,-0.0009258608965723875,negative,0.7058153780943848,82,-0.37883308466077203,monthly_bridge_quarterly,timing_factor_monthly_abs_sum,weak_instrument_warning_below_rule_of_thumb_10
composite,qe_heavy_timing_fg_qe,d_ln_house_price_de_real,robustness_2005q1_2025q4,0.1406930505772788,0.0017339394733735,0.0012037272148989191,positive,0.7085733624119377,83,0.37509072312879027,composite_quarterly,composite_qe_heavy_timing_fg_qe,weak_instrument_warning_below_rule_of_thumb_10
qe,quarterly_abs_sum,d_wx_shadow_rate,baseline_2005q1_2022q2,0.14053905958677512,0.004372641645064617,0.01435377002504335,positive,0.7102188935763047,34,0.37488539527004133,direct_quarterly,qe_factor_quarterly_abs_sum,weak_instrument_warning_below_rule_of_thumb_10
qe,monthly_abs_sum,d_wx_shadow_rate,baseline_2005q1_2022q2,0.14053905958677512,0.004372641645064617,0.01435377002504335,positive,0.7102188935763047,34,0.37488539527004133,monthly_bridge_quarterly,qe_factor_monthly_abs_sum,weak_instrument_warning_below_rule_of_thumb_10
qe,monthly_abs_sum,d_ln_house_price_de_real,robustness_2005q1_2025q4,0.1386922926584493,0.003072581096484419,-0.0003906679305226109,negative,0.7113327723550149,47,-0.37241414132447936,monthly_bridge_quarterly,qe_factor_monthly_abs_sum,weak_instrument_warning_below_rule_of_thumb_10
timing,quarterly_abs_sum,d_ln_ecb_assets_ea_stock,robustness_2005q1_2025q4,0.13804336498987377,0.001701339584551011,-0.0008997605757819092,negative,0.7112040958975965,83,-0.3715418751498595,direct_quarterly,timing_factor_quarterly_abs_sum,weak_instrument_warning_below_rule_of_thumb_10
weighted_composite,monthly_mean,d_dfr_eop,robustness_2005q1_2025q4,0.13484540098229378,0.00168273115531138,0.04336232808028369,positive,0.7144297394198544,82,0.3672130185359634,monthly_bridge_quarterly,weighted_composite_monthly_mean,weak_instrument_warning_below_rule_of_thumb_10
target,market_magnitude_weighted,d_ln_hh_loans_ea_stock,robustness_2005q1_2025q4,0.1341828527112167,0.0016538387149940066,-6.177796105217042e-06,negative,0.7150889996721359,83,-0.3663097769801083,weighted_event_quarterly,target_factor_market_magnitude_weighted_quarterly_sum,weak_instrument_warning_below_rule_of_thumb_10
fg,quarterly_abs_sum,d_wx_shadow_rate,baseline_2005q1_2022q2,0.13338413735009777,0.001986852578103368,-0.004381773652384606,negative,0.7160991483326397,69,-0.36521793130964664,direct_quarterly,fg_factor_quarterly_abs_sum,weak_instrument_warning_below_rule_of_thumb_10
fg,monthly_abs_sum,d_wx_shadow_rate,baseline_2005q1_2022q2,0.13338413735009777,0.001986852578103368,-0.004381773652384606,negative,0.7160991483326397,69,-0.36521793130964664,monthly_bridge_quarterly,fg_factor_monthly_abs_sum,weak_instrument_warning_below_rule_of_thumb_10
qe,quarterly_abs_sum,d_ln_ecb_assets_ea_stock,robustness_2005q1_2025q4,0.13217962051501755,0.0028652368390640094,0.0010157845195462344,positive,0.717848367210766,48,0.36356515305377873,direct_quarterly,qe_factor_quarterly_abs_sum,weak_instrument_warning_below_rule_of_thumb_10
weighted_composite,monthly_sum,d_ln_house_price_de_real,robustness_2005q1_2025q4,0.13215577202937803,0.0016492227215919707,-0.0007345396711634365,negative,0.7171661582301401,82,-0.3635323534836728,monthly_bridge_quarterly,weighted_composite_monthly_sum,weak_instrument_warning_below_rule_of_thumb_10
qe,qe_event_weighted,d_wx_shadow_rate,baseline_2005q1_2022q2,0.12859904915759734,0.00400263481643994,0.0025017122235960073,positive,0.7222441961181142,34,0.3586070957992847,weighted_event_quarterly,qe_factor_qe_event_weighted_quarterly_sum,weak_instrument_warning_below_rule_of_thumb_10
target,quarterly_mean,d_ln_nfc_loans_ea_stock,robustness_2005q1_2025q4,0.1270188879137271,0.0015656792232094496,0.0003202546735891184,positive,0.7224698799464303,83,0.3563970930208706,direct_quarterly,target_factor_quarterly_mean,weak_instrument_warning_below_rule_of_thumb_10
fg,monthly_sum,d_ln_house_price_de_real,robustness_2005q1_2025q4,0.12415129348241072,0.0015494865340621665,-0.00010066419307516157,negative,0.7255015311265527,82,-0.35235109405592985,monthly_bridge_quarterly,fg_factor_monthly_sum,weak_instrument_warning_below_rule_of_thumb_10
fg,quarterly_sum,d_ln_house_price_de_real,robustness_2005q1_2025q4,0.12239513488254798,0.001508771217603241,-9.934903498296482e-05,negative,0.7273591743268596,83,-0.3498501606152954,direct_quarterly,fg_factor_quarterly_sum,weak_instrument_warning_below_rule_of_thumb_10
fg,quarterly_signed_cumulative,d_ln_house_price_de_real,robustness_2005q1_2025q4,0.12239513488254798,0.001508771217603241,-9.934903498296482e-05,negative,0.7273591743268596,83,-0.3498501606152954,direct_quarterly,fg_factor_quarterly_signed_cumulative,weak_instrument_warning_below_rule_of_thumb_10
qe,monthly_abs_sum,d_ln_ecb_assets_ea_stock,robustness_2005q1_2025q4,0.12191199264162914,0.002701835699283094,0.0009950972247749926,positive,0.7285985637635177,47,0.3491589790362395,monthly_bridge_quarterly,qe_factor_monthly_abs_sum,weak_instrument_warning_below_rule_of_thumb_10
timing,monthly_abs_sum,d_ln_house_price_de_real,robustness_2005q1_2025q4,0.12053485588918578,0.0015044190120047105,-0.00019087931023703363,negative,0.7293667947104958,82,-0.347181301180213,monthly_bridge_quarterly,timing_factor_monthly_abs_sum,weak_instrument_warning_below_rule_of_thumb_10
composite,pca_timing_fg_qe,d_ln_nfc_loans_ea_stock,robustness_2005q1_2025q4,0.11825511556342855,0.0014578113816052733,0.0005027868749352299,positive,0.7318258058906797,83,0.34388241531580027,composite_quarterly,composite_pca_timing_fg_qe,weak_instrument_warning_below_rule_of_thumb_10
target,monthly_mean,d_ln_nfc_loans_ea_stock,robustness_2005q1_2025q4,0.11160205862356452,0.0013930823470724887,0.0003016642138560244,positive,0.7392016936643356,82,0.33406894291981787,monthly_bridge_quarterly,target_factor_monthly_mean,weak_instrument_warning_below_rule_of_thumb_10
qe,quarterly_sum,d_ln_ecb_assets_ea_stock,robustness_2005q1_2025q4,0.11073519061866895,0.002401505639866663,0.0006445466133617996,positive,0.7408205375294705,48,0.3327689748439132,direct_quarterly,qe_factor_quarterly_sum,weak_instrument_warning_below_rule_of_thumb_10
qe,quarterly_signed_cumulative,d_ln_ecb_assets_ea_stock,robustness_2005q1_2025q4,0.11073519061866895,0.002401505639866663,0.0006445466133617996,positive,0.7408205375294705,48,0.3327689748439132,direct_quarterly,qe_factor_quarterly_signed_cumulative,weak_instrument_warning_below_rule_of_thumb_10
timing,market_magnitude_weighted,d_dfr_eop,robustness_2005q1_2025q4,0.11045405348896194,0.0013617733346199996,-0.0006234972278336496,negative,0.7404863335400266,83,-0.3323462855049864,weighted_event_quarterly,timing_factor_market_magnitude_weighted_quarterly_sum,weak_instrument_warning_below_rule_of_thumb_10
qe,quarterly_abs_sum,d_ln_house_price_de_real,robustness_2005q1_2025q4,0.1097890951305591,0.002381036592990043,-0.00034121715888040254,negative,0.7418891947914331,48,-0.33134437543220663,direct_quarterly,qe_factor_quarterly_abs_sum,weak_instrument_warning_below_rule_of_thumb_10
fg,qe_event_weighted,d_ecb_assets_ea_qavg,robustness_2005q1_2025q4,0.10888403080361232,0.0013424427188797252,1033.0630789916922,positive,0.7422701269615152,83,0.32997580336081056,weighted_event_quarterly,fg_factor_qe_event_weighted_quarterly_sum,weak_instrument_warning_below_rule_of_thumb_10
timing,quarterly_abs_sum,d_ln_house_price_de_real,robustness_2005q1_2025q4,0.10866461182873935,0.001339741103478751,-0.00017963988511331111,negative,0.7425205562540753,83,-0.32964315832235824,direct_quarterly,timing_factor_quarterly_abs_sum,weak_instrument_warning_below_rule_of_thumb_10
weighted_composite,monthly_sum,d_wx_shadow_rate,baseline_2005q1_2022q2,0.08815448692307028,0.0013140097174718598,-0.02421096245513085,negative,0.7674551162961738,69,-0.29690821295994874,monthly_bridge_quarterly,weighted_composite_monthly_sum,weak_instrument_warning_below_rule_of_thumb_10
fg,qe_event_weighted,d_ln_hh_loans_ea_stock,robustness_2005q1_2025q4,0.0874232236575784,0.0010781354269508016,-2.7138531941945275e-05,negative,0.7682355659975398,83,-0.2956741849698387,weighted_event_quarterly,fg_factor_qe_event_weighted_quarterly_sum,weak_instrument_warning_below_rule_of_thumb_10
qe,crisis_weighted,d_ln_ecb_assets_ea_stock,robustness_2005q1_2025q4,0.08578098539870231,0.0018613330091092563,0.00046011409706094063,positive,0.7709280542402392,48,0.2928839111298234,weighted_event_quarterly,qe_factor_crisis_weighted_quarterly_sum,weak_instrument_warning_below_rule_of_thumb_10
target,monthly_abs_sum,d_ln_nfc_loans_ea_stock,robustness_2005q1_2025q4,0.08018481228164247,0.0010013065338149018,-0.0001052681562129768,negative,0.7777785749242616,82,-0.28316922905153813,monthly_bridge_quarterly,target_factor_monthly_abs_sum,weak_instrument_warning_below_rule_of_thumb_10
timing,quarterly_sum,d_dfr_eop,robustness_2005q1_2025q4,0.07591172846952744,0.0009363043455343754,0.003430427863914498,positive,0.7836177761980707,83,0.2755208312805539,direct_quarterly,timing_factor_quarterly_sum,weak_instrument_warning_below_rule_of_thumb_10
timing,quarterly_signed_cumulative,d_dfr_eop,robustness_2005q1_2025q4,0.07591172846952744,0.0009363043455343754,0.003430427863914498,positive,0.7836177761980707,83,0.2755208312805539,direct_quarterly,timing_factor_quarterly_signed_cumulative,weak_instrument_warning_below_rule_of_thumb_10
timing,monthly_sum,d_dfr_eop,robustness_2005q1_2025q4,0.0755510128518332,0.0009434966340688376,0.0034449151704114347,positive,0.7841282245779359,82,0.274865444994152,monthly_bridge_quarterly,timing_factor_monthly_sum,weak_instrument_warning_below_rule_of_thumb_10
target,quarterly_abs_sum,d_ln_nfc_loans_ea_stock,robustness_2005q1_2025q4,0.07422689784059508,0.0009155424686827586,-0.00010052463367701551,negative,0.7859723223569424,83,-0.27244613750353497,direct_quarterly,target_factor_quarterly_abs_sum,weak_instrument_warning_below_rule_of_thumb_10
qe,quarterly_sum,d_ln_hh_loans_ea_stock,robustness_2005q1_2025q4,0.07292082295709285,0.0015827262881227633,3.6740466557779665e-05,positive,0.788338410307932,48,0.27003855827842965,direct_quarterly,qe_factor_quarterly_sum,weak_instrument_warning_below_rule_of_thumb_10
qe,quarterly_signed_cumulative,d_ln_hh_loans_ea_stock,robustness_2005q1_2025q4,0.07292082295709285,0.0015827262881227633,3.6740466557779665e-05,positive,0.788338410307932,48,0.27003855827842965,direct_quarterly,qe_factor_quarterly_signed_cumulative,weak_instrument_warning_below_rule_of_thumb_10
composite,qe_heavy_timing_fg_qe,d_ln_hh_loans_ea_stock,robustness_2005q1_2025q4,0.07176256158534713,0.0008851733244461464,-0.00036938200023061703,negative,0.7894685612082804,83,-0.2678853515691874,composite_quarterly,composite_qe_heavy_timing_fg_qe,weak_instrument_warning_below_rule_of_thumb_10
timing,crisis_weighted,d_ln_nfc_loans_ea_stock,robustness_2005q1_2025q4,0.06708730531862712,0.0008275529262073991,9.48931153460331e-05,positive,0.7962829501373571,83,0.2590121721437568,weighted_event_quarterly,timing_factor_crisis_weighted_quarterly_sum,weak_instrument_warning_below_rule_of_thumb_10
timing,qe_event_weighted,d_dfr_eop,robustness_2005q1_2025q4,0.06377625373620055,0.0007867417073758778,-0.00232737169297013,negative,0.8012637567143468,83,-0.2525396082522513,weighted_event_quarterly,timing_factor_qe_event_weighted_quarterly_sum,weak_instrument_warning_below_rule_of_thumb_10
qe,monthly_sum,d_ln_ecb_assets_ea_stock,robustness_2005q1_2025q4,0.05960713217803548,0.0007445344077147966,0.0006318804106682409,positive,0.8077430234028329,82,0.24414571914747038,monthly_bridge_quarterly,qe_factor_monthly_sum,weak_instrument_warning_below_rule_of_thumb_10
timing,monthly_mean,d_wx_shadow_rate,baseline_2005q1_2022q2,0.05844823998965123,0.0008716014390979628,0.0144050533734638,positive,0.8097040130934511,69,0.2417607081178644,monthly_bridge_quarterly,timing_factor_monthly_mean,weak_instrument_warning_below_rule_of_thumb_10
weighted_composite,monthly_mean,d_ln_ecb_assets_ea_stock,robustness_2005q1_2025q4,0.057665693772837714,0.0007203019632550085,0.0056081783848714335,positive,0.8108384546600396,82,0.24013682302561953,monthly_bridge_quarterly,weighted_composite_monthly_mean,weak_instrument_warning_below_rule_of_thumb_10
composite,inverse_variance_timing_fg_qe,d_ecb_assets_ea_qavg,robustness_2005q1_2025q4,0.05695958687902424,0.0007027106268151279,-9713.590549251994,negative,0.8119704054020905,83,-0.23866207675084083,composite_quarterly,composite_inverse_variance_timing_fg_qe,weak_instrument_warning_below_rule_of_thumb_10
weighted_composite,monthly_sum,d_ln_ecb_assets_ea_stock,robustness_2005q1_2025q4,0.05583719702589351,0.0006974781475143686,0.0021237260169982303,positive,0.8138046535341478,82,0.23629895688701952,monthly_bridge_quarterly,weighted_composite_monthly_sum,weak_instrument_warning_below_rule_of_thumb_10
fg,market_magnitude_weighted,d_ln_hh_loans_ea_stock,robustness_2005q1_2025q4,0.05523502207011964,0.0006814491630932904,-3.6991577611733348e-06,negative,0.8147853123363286,83,-0.23502132258609992,weighted_event_quarterly,fg_factor_market_magnitude_weighted_quarterly_sum,weak_instrument_warning_below_rule_of_thumb_10
timing,qe_event_weighted,d_wx_shadow_rate,baseline_2005q1_2022q2,0.05082710058097163,0.0007580383834002135,-0.003600136586249025,negative,0.822316520361825,69,-0.22544866506806296,weighted_event_quarterly,timing_factor_qe_event_weighted_quarterly_sum,weak_instrument_warning_below_rule_of_thumb_10
fg,quarterly_sum,d_ln_ecb_assets_ea_stock,robustness_2005q1_2025q4,0.047751932172379226,0.0005891826859348558,0.000275940898844187,positive,0.8275719345895607,83,0.21852215487766732,direct_quarterly,fg_factor_quarterly_sum,weak_instrument_warning_below_rule_of_thumb_10
fg,quarterly_signed_cumulative,d_ln_ecb_assets_ea_stock,robustness_2005q1_2025q4,0.047751932172379226,0.0005891826859348558,0.000275940898844187,positive,0.8275719345895607,83,0.21852215487766732,direct_quarterly,fg_factor_quarterly_signed_cumulative,weak_instrument_warning_below_rule_of_thumb_10
fg,monthly_sum,d_ln_ecb_assets_ea_stock,robustness_2005q1_2025q4,0.0463025776664997,0.0005784474257455391,0.0002734454133147397,positive,0.8301743448117576,82,0.21518033754620727,monthly_bridge_quarterly,fg_factor_monthly_sum,weak_instrument_warning_below_rule_of_thumb_10
timing,qe_event_weighted,d_ln_house_price_de_real,robustness_2005q1_2025q4,0.046028338842524746,0.0005679283709016125,-8.795180693974567e-05,negative,0.8306634961157022,83,-0.21454216099061915,weighted_event_quarterly,timing_factor_qe_event_weighted_quarterly_sum,weak_instrument_warning_below_rule_of_thumb_10
timing,quarterly_mean,d_wx_shadow_rate,baseline_2005q1_2022q2,0.04020337667476526,0.0005996905535753965,0.012021535536291332,positive,0.8416908614009114,69,0.20050779704232266,direct_quarterly,timing_factor_quarterly_mean,weak_instrument_warning_below_rule_of_thumb_10
fg,quarterly_mean,d_wx_shadow_rate,baseline_2005q1_2022q2,0.03982530343418882,0.0005940544035419605,-0.006531039702020587,negative,0.8424269717471394,69,-0.19956278068364558,direct_quarterly,fg_factor_quarterly_mean,weak_instrument_warning_below_rule_of_thumb_10
fg,quarterly_mean,d_ln_ecb_assets_ea_stock,robustness_2005q1_2025q4,0.03648192742486369,0.00045019140215806007,0.0006569546142076688,positive,0.8490016331162279,83,0.19100242779834944,direct_quarterly,fg_factor_quarterly_mean,weak_instrument_warning_below_rule_of_thumb_10
fg,qe_event_weighted,d_ln_house_price_de_real,robustness_2005q1_2025q4,0.03572145682790047,0.00044081123960784647,-4.040411187237168e-05,negative,0.8505646371798071,83,-0.18900120853555533,weighted_event_quarterly,fg_factor_qe_event_weighted_quarterly_sum,weak_instrument_warning_below_rule_of_thumb_10
fg,crisis_weighted,d_ln_ecb_assets_ea_stock,robustness_2005q1_2025q4,0.034649609860435054,0.0004275900497781486,0.0001603859670408183,positive,0.8527971821229702,83,0.18614405674217765,weighted_event_quarterly,fg_factor_crisis_weighted_quarterly_sum,weak_instrument_warning_below_rule_of_thumb_10
composite,inverse_variance_timing_fg_qe,d_ln_house_price_de_real,robustness_2005q1_2025q4,0.03370756595537348,0.0004159696867866751,-0.0005100851152423808,negative,0.8547890590250681,83,-0.18359620354292044,composite_quarterly,composite_inverse_variance_timing_fg_qe,weak_instrument_warning_below_rule_of_thumb_10
timing,crisis_weighted,d_wx_shadow_rate,baseline_2005q1_2022q2,0.03219321033899826,0.0004802649114878252,0.002851201235586627,positive,0.858145784399223,69,0.17942466480113112,weighted_event_quarterly,timing_factor_crisis_weighted_quarterly_sum,weak_instrument_warning_below_rule_of_thumb_10
qe,market_magnitude_weighted,d_ecb_assets_ea_qavg,robustness_2005q1_2025q4,0.03168997181510953,0.0006884381571589721,618.7516759402264,positive,0.8594914503665706,48,0.1780167739711894,weighted_event_quarterly,qe_factor_market_magnitude_weighted_quarterly_sum,weak_instrument_warning_below_rule_of_thumb_10
weighted_composite,monthly_abs_sum,d_dfr_eop,robustness_2005q1_2025q4,0.030086680202590487,0.0003759421169043063,0.008335327843866399,positive,0.8627318394347283,82,0.17345512446333342,monthly_bridge_quarterly,weighted_composite_monthly_abs_sum,weak_instrument_warning_below_rule_of_thumb_10
fg,monthly_mean,d_ln_ecb_assets_ea_stock,robustness_2005q1_2025q4,0.02958549518791296,0.00036968197454542484,0.0005929761205693023,positive,0.8638684858642911,82,0.17200434642157436,monthly_bridge_quarterly,fg_factor_monthly_mean,weak_instrument_warning_below_rule_of_thumb_10
target,market_magnitude_weighted,d_ln_ecb_assets_ea_stock,robustness_2005q1_2025q4,0.02895375609211406,0.0003573260513676223,-2.9717208092537325e-05,negative,0.8653101441007196,83,-0.17015803269935292,weighted_event_quarterly,target_factor_market_magnitude_weighted_quarterly_sum,weak_instrument_warning_below_rule_of_thumb_10
composite,pca_timing_fg_qe,d_wx_shadow_rate,baseline_2005q1_2022q2,0.02663713194072666,0.0003974111350431015,0.010597729022196991,positive,0.8708452836910479,69,0.16320885987202613,composite_quarterly,composite_pca_timing_fg_qe,weak_instrument_warning_below_rule_of_thumb_10
weighted_composite,monthly_abs_sum,d_ln_hh_loans_ea_stock,robustness_2005q1_2025q4,0.024022516832811973,0.0003001913185226212,-0.00014228618546250246,negative,0.8772180158451108,82,-0.15499198957627447,monthly_bridge_quarterly,weighted_composite_monthly_abs_sum,weak_instrument_warning_below_rule_of_thumb_10
fg,monthly_mean,d_wx_shadow_rate,baseline_2005q1_2022q2,0.023076618984640404,0.0003443085598088439,-0.004940076197880955,negative,0.8797145057207457,69,-0.15190990416901856,monthly_bridge_quarterly,fg_factor_monthly_mean,weak_instrument_warning_below_rule_of_thumb_10
qe,monthly_sum,d_ln_hh_loans_ea_stock,robustness_2005q1_2025q4,0.02251624705906833,0.00028137389468674485,3.753847168015008e-05,positive,0.8810995710157175,82,0.15005414709053638,monthly_bridge_quarterly,qe_factor_monthly_sum,weak_instrument_warning_below_rule_of_thumb_10
fg,monthly_mean,d_dfr_eop,robustness_2005q1_2025q4,0.020152358889171218,0.00025184104622530824,0.0024758653822346205,positive,0.8874692845557325,82,0.1419590042553526,monthly_bridge_quarterly,fg_factor_monthly_mean,weak_instrument_warning_below_rule_of_thumb_10
weighted_composite,monthly_sum,d_dfr_eop,robustness_2005q1_2025q4,0.019648555966690948,0.00024554664162200756,0.006374423115196892,positive,0.8888753842007276,82,0.14017330689789317,monthly_bridge_quarterly,weighted_composite_monthly_sum,weak_instrument_warning_below_rule_of_thumb_10
fg,monthly_abs_sum,d_ln_ecb_assets_ea_stock,robustness_2005q1_2025q4,0.019409658715873634,0.0002425618834062405,-0.00018826961596068976,negative,0.8895485650741417,82,-0.13931855122658157,monthly_bridge_quarterly,fg_factor_monthly_abs_sum,weak_instrument_warning_below_rule_of_thumb_10
composite,equal_weight_timing_fg_qe,d_ln_house_price_de_real,robustness_2005q1_2025q4,0.01883099819606687,0.0002324274241439765,-0.00044432980072832184,negative,0.8911926234543599,83,-0.1372260842408136,composite_quarterly,composite_equal_weight_timing_fg_qe,weak_instrument_warning_below_rule_of_thumb_10
fg,market_magnitude_weighted,d_ecb_assets_ea_qavg,robustness_2005q1_2025q4,0.018259472865372866,0.00022537478568628505,-72.57182619529857,negative,0.8928462055018459,83,-0.13512761696031225,weighted_event_quarterly,fg_factor_market_magnitude_weighted_quarterly_sum,weak_instrument_warning_below_rule_of_thumb_10
timing,quarterly_sum,d_wx_shadow_rate,baseline_2005q1_2022q2,0.017756708711208054,0.0002649552832451041,0.002853505532014775,positive,0.8943916960230843,69,0.13325430091073254,direct_quarterly,timing_factor_quarterly_sum,weak_instrument_warning_below_rule_of_thumb_10
timing,quarterly_signed_cumulative,d_wx_shadow_rate,baseline_2005q1_2022q2,0.017756708711208054,0.0002649552832451041,0.002853505532014775,positive,0.8943916960230843,69,0.13325430091073254,direct_quarterly,timing_factor_quarterly_signed_cumulative,weak_instrument_warning_below_rule_of_thumb_10
timing,monthly_sum,d_wx_shadow_rate,baseline_2005q1_2022q2,0.017756708711208054,0.0002649552832451041,0.002853505532014775,positive,0.8943916960230843,69,0.13325430091073254,monthly_bridge_quarterly,timing_factor_monthly_sum,weak_instrument_warning_below_rule_of_thumb_10
fg,quarterly_abs_sum,d_ln_ecb_assets_ea_stock,robustness_2005q1_2025q4,0.01699355688910515,0.0002097529930825252,-0.00017443596976770661,negative,0.8966053397427898,83,-0.1303593375600887,direct_quarterly,fg_factor_quarterly_abs_sum,weak_instrument_warning_below_rule_of_thumb_10
qe,qe_event_weighted,d_ecb_assets_ea_qavg,robustness_2005q1_2025q4,0.01683932837323448,0.00036593839600912404,341.6141856650825,positive,0.8973170044639457,48,0.1297664377766242,weighted_event_quarterly,qe_factor_qe_event_weighted_quarterly_sum,weak_instrument_warning_below_rule_of_thumb_10
composite,qe_heavy_timing_fg_qe,d_ln_ecb_assets_ea_stock,robustness_2005q1_2025q4,0.01597116952157145,0.00019713606207537318,-0.0018039864876622166,negative,0.8997466101679416,83,-0.1263770925507129,composite_quarterly,composite_qe_heavy_timing_fg_qe,weak_instrument_warning_below_rule_of_thumb_10
fg,crisis_weighted,d_dfr_eop,robustness_2005q1_2025q4,0.015771829722776482,0.0001946760410543934,-0.0005474208977728078,negative,0.9003708740711254,83,-0.12558594556229802,weighted_event_quarterly,fg_factor_crisis_weighted_quarterly_sum,weak_instrument_warning_below_rule_of_thumb_10
fg,market_magnitude_weighted,d_wx_shadow_rate,baseline_2005q1_2022q2,0.015237656260213988,0.0002273759937758061,-0.00017766841748608557,negative,0.9021275329652079,69,-0.12344090189322982,weighted_event_quarterly,fg_factor_market_magnitude_weighted_quarterly_sum,weak_instrument_warning_below_rule_of_thumb_10
fg,qe_event_weighted,d_ln_ecb_assets_ea_stock,robustness_2005q1_2025q4,0.014318104789808076,0.0001767354848471106,0.0001137104143300493,positive,0.9050501367011632,83,0.11965828341493152,weighted_event_quarterly,fg_factor_qe_event_weighted_quarterly_sum,weak_instrument_warning_below_rule_of_thumb_10
fg,quarterly_mean,d_dfr_eop,robustness_2005q1_2025q4,0.01304785763399335,0.00016105871805888154,0.0019876569697004024,positive,0.9093403417271049,83,0.11422721932181204,direct_quarterly,fg_factor_quarterly_mean,weak_instrument_warning_below_rule_of_thumb_10
fg,quarterly_sum,d_wx_shadow_rate,baseline_2005q1_2022q2,0.011693885564096137,0.00017450514807260044,-0.001235041960674024,negative,0.9142092036894006,69,-0.10813827058029057,direct_quarterly,fg_factor_quarterly_sum,weak_instrument_warning_below_rule_of_thumb_10
fg,quarterly_signed_cumulative,d_wx_shadow_rate,baseline_2005q1_2022q2,0.011693885564096137,0.00017450514807260044,-0.001235041960674024,negative,0.9142092036894006,69,-0.10813827058029057,direct_quarterly,fg_factor_quarterly_signed_cumulative,weak_instrument_warning_below_rule_of_thumb_10
fg,monthly_sum,d_wx_shadow_rate,baseline_2005q1_2022q2,0.011693885564096137,0.00017450514807260044,-0.001235041960674024,negative,0.9142092036894006,69,-0.10813827058029057,monthly_bridge_quarterly,fg_factor_monthly_sum,weak_instrument_warning_below_rule_of_thumb_10
target,monthly_sum,d_ln_nfc_loans_ea_stock,robustness_2005q1_2025q4,0.011430939119854204,0.00014286632529484354,4.514935726053783e-05,positive,0.9151236249922887,82,0.10691557005345013,monthly_bridge_quarterly,target_factor_monthly_sum,weak_instrument_warning_below_rule_of_thumb_10
target,quarterly_sum,d_ln_nfc_loans_ea_stock,robustness_2005q1_2025q4,0.011108076497024787,0.0001371179429682121,4.425363224919408e-05,positive,0.916323058239995,83,0.10539485991747789,direct_quarterly,target_factor_quarterly_sum,weak_instrument_warning_below_rule_of_thumb_10
target,quarterly_signed_cumulative,d_ln_nfc_loans_ea_stock,robustness_2005q1_2025q4,0.011108076497024787,0.0001371179429682121,4.425363224919408e-05,positive,0.916323058239995,83,0.10539485991747789,direct_quarterly,target_factor_quarterly_signed_cumulative,weak_instrument_warning_below_rule_of_thumb_10
fg,crisis_weighted,d_ln_hh_loans_ea_stock,robustness_2005q1_2025q4,0.010764355396301066,0.00013287561822127196,-8.639459022404044e-06,negative,0.9176230838932075,83,-0.10375141153883674,weighted_event_quarterly,fg_factor_crisis_weighted_quarterly_sum,weak_instrument_warning_below_rule_of_thumb_10
timing,market_magnitude_weighted,d_wx_shadow_rate,baseline_2005q1_2022q2,0.010232444280556363,0.0001526997281954619,0.0003222976150681723,positive,0.9197290939224523,69,0.1011555449817575,weighted_event_quarterly,timing_factor_market_magnitude_weighted_quarterly_sum,weak_instrument_warning_below_rule_of_thumb_10
timing,quarterly_mean,d_ln_nfc_loans_ea_stock,robustness_2005q1_2025q4,0.01016958354142979,0.0001255346531640382,-0.0001379275352437462,negative,0.9199232170414706,83,-0.10084435304681065,direct_quarterly,timing_factor_quarterly_mean,weak_instrument_warning_below_rule_of_thumb_10
qe,monthly_abs_sum,d_ecb_assets_ea_qavg,robustness_2005q1_2025q4,0.009995475376555494,0.00022207234795266042,-1489.6827949723645,negative,0.9208063758506579,47,-0.0999773743231712,monthly_bridge_quarterly,qe_factor_monthly_abs_sum,weak_instrument_warning_below_rule_of_thumb_10
fg,crisis_weighted,d_wx_shadow_rate,baseline_2005q1_2022q2,0.008950378540891963,0.0001335698961158218,-0.00073951897020615,negative,0.9249098059689832,69,-0.09460644027174875,weighted_event_quarterly,fg_factor_crisis_weighted_quarterly_sum,weak_instrument_warning_below_rule_of_thumb_10
qe,quarterly_abs_sum,d_ecb_assets_ea_qavg,robustness_2005q1_2025q4,0.008645457741289353,0.00018790941692100376,-1358.219593370064,negative,0.9263224837709851,48,-0.09298095364798832,direct_quarterly,qe_factor_quarterly_abs_sum,weak_instrument_warning_below_rule_of_thumb_10
composite,inverse_variance_timing_fg_qe,d_wx_shadow_rate,baseline_2005q1_2022q2,0.008133183186167115,0.00012137605988712893,0.00969874223556691,positive,0.9284099342369584,69,0.09018416261277318,composite_quarterly,composite_inverse_variance_timing_fg_qe,weak_instrument_warning_below_rule_of_thumb_10
fg,monthly_sum,d_dfr_eop,robustness_2005q1_2025q4,0.006008298218792178,7.509808758857857e-05,-0.0004984181383677858,negative,0.9384088200959642,82,-0.07751321318841181,monthly_bridge_quarterly,fg_factor_monthly_sum,weak_instrument_warning_below_rule_of_thumb_10
qe,quarterly_mean,d_wx_shadow_rate,baseline_2005q1_2022q2,0.006006498437868747,0.00018766785035058682,0.004449917932823136,positive,0.9387070914231612,34,0.0775016028083855,direct_quarterly,qe_factor_quarterly_mean,weak_instrument_warning_below_rule_of_thumb_10
qe,monthly_mean,d_wx_shadow_rate,baseline_2005q1_2022q2,0.006006498437868747,0.00018766785035058682,0.004449917932823136,positive,0.9387070914231612,34,0.0775016028083855,monthly_bridge_quarterly,qe_factor_monthly_mean,weak_instrument_warning_below_rule_of_thumb_10
fg,quarterly_sum,d_dfr_eop,robustness_2005q1_2025q4,0.005981677189885436,7.384241343710289e-05,-0.0004941474695583157,negative,0.938542761834593,83,-0.07734130325954842,direct_quarterly,fg_factor_quarterly_sum,weak_instrument_warning_below_rule_of_thumb_10
fg,quarterly_signed_cumulative,d_dfr_eop,robustness_2005q1_2025q4,0.005981677189885436,7.384241343710289e-05,-0.0004941474695583157,negative,0.938542761834593,83,-0.07734130325954842,direct_quarterly,fg_factor_quarterly_signed_cumulative,weak_instrument_warning_below_rule_of_thumb_10
fg,market_magnitude_weighted,d_dfr_eop,robustness_2005q1_2025q4,0.004986664630475035,6.155997100672793e-05,5.820181727689727e-05,positive,0.9438771796036195,83,0.0706163198593288,weighted_event_quarterly,fg_factor_market_magnitude_weighted_quarterly_sum,weak_instrument_warning_below_rule_of_thumb_10
timing,monthly_mean,d_ln_nfc_loans_ea_stock,robustness_2005q1_2025q4,0.0036818671292219596,4.602122106501093e-05,-8.318891237160953e-05,negative,0.9517666729889953,82,-0.06067839095775332,monthly_bridge_quarterly,timing_factor_monthly_mean,weak_instrument_warning_below_rule_of_thumb_10
qe,quarterly_mean,d_ecb_assets_ea_qavg,robustness_2005q1_2025q4,0.0019161081653856903,4.165279030726242e-05,904.4568706396722,positive,0.9652745186332764,48,0.04377337278969591,direct_quarterly,qe_factor_quarterly_mean,weak_instrument_warning_below_rule_of_thumb_10
fg,monthly_mean,d_ln_hh_loans_ea_stock,robustness_2005q1_2025q4,0.0015859615126427322,1.9824125904275326e-05,1.3269735651104433e-05,positive,0.9683325545610673,82,0.039824132289890915,monthly_bridge_quarterly,fg_factor_monthly_mean,weak_instrument_warning_below_rule_of_thumb_10
qe,monthly_mean,d_ecb_assets_ea_qavg,robustness_2005q1_2025q4,0.0014016957116220069,3.1147823374479036e-05,787.2168024652381,positive,0.9703003943178102,47,0.03743922691004726,monthly_bridge_quarterly,qe_factor_monthly_mean,weak_instrument_warning_below_rule_of_thumb_10
composite,equal_weight_timing_fg_qe,d_ecb_assets_ea_qavg,robustness_2005q1_2025q4,0.0013664486921613752,1.6869452357040302e-05,1753.8480840648676,positive,0.9706034592978776,83,0.036965506788915733,composite_quarterly,composite_equal_weight_timing_fg_qe,weak_instrument_warning_below_rule_of_thumb_10
fg,quarterly_mean,d_ln_hh_loans_ea_stock,robustness_2005q1_2025q4,0.001278184820935435,1.5779810511372372e-05,-1.1884994610167101e-05,negative,0.9715682981281445,83,-0.0357517107413818,direct_quarterly,fg_factor_quarterly_mean,weak_instrument_warning_below_rule_of_thumb_10
timing,quarterly_sum,d_ln_nfc_loans_ea_stock,robustness_2005q1_2025q4,0.0012003893881166643,1.4819402457570567e-05,1.716698686375198e-05,positive,0.972446751953272,83,0.03464663602886526,direct_quarterly,timing_factor_quarterly_sum,weak_instrument_warning_below_rule_of_thumb_10
timing,quarterly_signed_cumulative,d_ln_nfc_loans_ea_stock,robustness_2005q1_2025q4,0.0012003893881166643,1.4819402457570567e-05,1.716698686375198e-05,positive,0.972446751953272,83,0.03464663602886526,direct_quarterly,timing_factor_quarterly_signed_cumulative,weak_instrument_warning_below_rule_of_thumb_10
fg,monthly_abs_sum,d_ln_hh_loans_ea_stock,robustness_2005q1_2025q4,0.0011160209638749442,1.3950067441340402e-05,-4.363141452946802e-06,negative,0.9734333178760834,82,-0.03340689994409754,monthly_bridge_quarterly,fg_factor_monthly_abs_sum,weak_instrument_warning_below_rule_of_thumb_10
fg,quarterly_abs_sum,d_ln_hh_loans_ea_stock,robustness_2005q1_2025q4,0.0010584173878579303,1.3066710590422709e-05,-4.207037904334394e-06,negative,0.9741267721775362,83,-0.032533327340712175,direct_quarterly,fg_factor_quarterly_abs_sum,weak_instrument_warning_below_rule_of_thumb_10
fg,quarterly_sum,d_ln_hh_loans_ea_stock,robustness_2005q1_2025q4,0.0009196396912550588,1.1353447533013269e-05,3.7014023255541604e-06,positive,0.9758820077751675,83,0.030325561680784395,direct_quarterly,fg_factor_quarterly_sum,weak_instrument_warning_below_rule_of_thumb_10
fg,quarterly_signed_cumulative,d_ln_hh_loans_ea_stock,robustness_2005q1_2025q4,0.0009196396912550588,1.1353447533013269e-05,3.7014023255541604e-06,positive,0.9758820077751675,83,0.030325561680784395,direct_quarterly,fg_factor_quarterly_signed_cumulative,weak_instrument_warning_below_rule_of_thumb_10
fg,monthly_sum,d_ln_hh_loans_ea_stock,robustness_2005q1_2025q4,0.0008959887700635059,1.1199734190343045e-05,3.6769246931197328e-06,positive,0.9761949800665566,82,0.02993307151068039,monthly_bridge_quarterly,fg_factor_monthly_sum,weak_instrument_warning_below_rule_of_thumb_10
timing,monthly_sum,d_ln_nfc_loans_ea_stock,robustness_2005q1_2025q4,0.0006934947815489423,8.66860962391756e-06,1.3127991736569084e-05,positive,0.9790562857673633,82,0.0263342890837961,monthly_bridge_quarterly,timing_factor_monthly_sum,weak_instrument_warning_below_rule_of_thumb_10
composite,pca_timing_fg_qe,d_ln_house_price_de_real,robustness_2005q1_2025q4,0.0005541618747213865,6.84145782032463e-06,-3.851385199319125e-05,negative,0.9812769155057344,83,-0.023540643039674736,composite_quarterly,composite_pca_timing_fg_qe,weak_instrument_warning_below_rule_of_thumb_10
qe,monthly_sum,d_ecb_assets_ea_qavg,robustness_2005q1_2025q4,0.0005519026919171859,6.898736056077322e-06,-200.5159259296006,negative,0.9813158331482821,82,-0.023492609304144697,monthly_bridge_quarterly,qe_factor_monthly_sum,weak_instrument_warning_below_rule_of_thumb_10
qe,quarterly_sum,d_ecb_assets_ea_qavg,robustness_2005q1_2025q4,0.00037219212475319234,8.091067680902625e-06,-195.33939323042705,negative,0.9846913809488074,48,-0.01929228148128656,direct_quarterly,qe_factor_quarterly_sum,weak_instrument_warning_below_rule_of_thumb_10
qe,quarterly_signed_cumulative,d_ecb_assets_ea_qavg,robustness_2005q1_2025q4,0.00037219212475319234,8.091067680902625e-06,-195.33939323042705,negative,0.9846913809488074,48,-0.01929228148128656,direct_quarterly,qe_factor_quarterly_signed_cumulative,weak_instrument_warning_below_rule_of_thumb_10
qe,crisis_weighted,d_ln_hh_loans_ea_stock,robustness_2005q1_2025q4,0.0003502469902971561,7.6140070329154075e-06,2.0662809434613425e-06,positive,0.9851494938817035,48,0.018714886863060543,weighted_event_quarterly,qe_factor_crisis_weighted_quarterly_sum,weak_instrument_warning_below_rule_of_thumb_10
qe,crisis_weighted,d_wx_shadow_rate,baseline_2005q1_2022q2,0.0003330068371560618,1.0406355367767953e-05,-0.00044423369385772826,negative,0.985553940271005,34,-0.01824847492685517,weighted_event_quarterly,qe_factor_crisis_weighted_quarterly_sum,weak_instrument_warning_below_rule_of_thumb_10
composite,equal_weight_timing_fg_qe,d_wx_shadow_rate,baseline_2005q1_2022q2,0.00027783251481817447,4.14673675701303e-06,0.0021234811729355044,positive,0.9867507667783323,69,0.01666830869699066,composite_quarterly,composite_equal_weight_timing_fg_qe,weak_instrument_warning_below_rule_of_thumb_10
composite,qe_heavy_timing_fg_qe,d_ecb_assets_ea_qavg,robustness_2005q1_2025q4,8.71350984137902e-05,1.0757407985062946e-06,439.28326246944425,positive,0.9925751128267479,83,0.009334618278954432,composite_quarterly,composite_qe_heavy_timing_fg_qe,weak_instrument_warning_below_rule_of_thumb_10
composite,qe_heavy_timing_fg_qe,d_wx_shadow_rate,baseline_2005q1_2022q2,7.802487504190395e-05,1.164549017583767e-06,0.0011705243228275848,positive,0.9929784914527028,69,0.008833169026001028,composite_quarterly,composite_qe_heavy_timing_fg_qe,weak_instrument_warning_below_rule_of_thumb_10
qe,monthly_sum,d_wx_shadow_rate,baseline_2005q1_2022q2,8.935195616570329e-06,1.3336111082033902e-07,-7.494210057618749e-05,negative,0.9976238656322652,69,-0.0029891797564834286,monthly_bridge_quarterly,qe_factor_monthly_sum,weak_instrument_warning_below_rule_of_thumb_10
qe,quarterly_sum,d_wx_shadow_rate,baseline_2005q1_2022q2,5.3299990728195525e-06,1.665624432825589e-07,-6.420826961084605e-05,negative,0.9981722749828648,34,-0.0023086790753198143,direct_quarterly,qe_factor_quarterly_sum,weak_instrument_warning_below_rule_of_thumb_10
qe,quarterly_signed_cumulative,d_wx_shadow_rate,baseline_2005q1_2022q2,5.3299990728195525e-06,1.665624432825589e-07,-6.420826961084605e-05,negative,0.9981722749828648,34,-0.0023086790753198143,direct_quarterly,qe_factor_quarterly_signed_cumulative,weak_instrument_warning_below_rule_of_thumb_10
composite,pca_timing_fg_qe,d_dfr_eop,robustness_2005q1_2025q4,4.09786057039067e-06,5.059086867995487e-08,-7.446125904304749e-05,negative,0.9983898068716612,83,-0.002024317309709787,composite_quarterly,composite_pca_timing_fg_qe,weak_instrument_warning_below_rule_of_thumb_10
qe,crisis_weighted,d_ecb_assets_ea_qavg,robustness_2005q1_2025q4,2.054357037349765e-06,4.465993360005035e-08,11.767573737128942,positive,0.9988625881166752,48,0.0014333028421620341,weighted_event_quarterly,qe_factor_crisis_weighted_quarterly_sum,weak_instrument_warning_below_rule_of_thumb_10
